ID,Title,Location,Salary,Summary
https://kr.indeed.com/viewjob?jk=3932c6e649c93b65,Clinical Research Associate,,,"Your time here At Parexel, the CRA role offers the opportunity to go beyond the role of a typical clinical monitor. CRA..."
https://kr.indeed.com/viewjob?jk=761ab05dbd16985d,International Editorial and Localization...,,,responsible for project management from concept development to go-live... represent our team in cross-functional meetings...
https://kr.indeed.com/viewjob?jk=719f83629b986a53,Go Global Trainee_Commercial in Performa...,,,our market share and developing our go-to-market approach for various product... team player willing to go the extra mile...
https://kr.indeed.com/viewjob?jk=34f896f776c93cb1,[틱톡] 하반기 각 부문별,,,3. Define go-to-market (GTM) strategy for TikTok's ever-evolving ads product. Instrumental in setting go-to-market strategy...
https://kr.indeed.com/viewjob?jk=d698e35885302f3b,[인트로지스]안성 원곡물류단지 내 물류현장직 사원(셔틀운행),,"월급 2,300,000원","부서 및 업무 - 부서 : 출고( GO) (주,야 근무 : 07시~16시... 지원 가능) - 성별 : 무관 [근무시간 및 형태] 주 5일 근무 (출고) GO -주,야근무 (오전) 7시 00분~ (오후) 4시 00분 (오후) 8시..."
https://kr.indeed.com/viewjob?jk=0ec4b15e70bad9f2,동아공업 생산직 사원 ※ 12월 『목요일에 희망 잡(Job)고(Go)』맞...,,"월급 2,400,000원","시), 야간 (20시~5시) 급여: 기본급 월 240만원 (연장수당 별도) 12월 『목요일에 희망 잡(Job)고( Go)』맞춤형 온라인 취업박람회 안내 일 시 : ~ 2020. 12. 3 (목) 16:00 지원방법 : 워크넷..."
https://kr.indeed.com/viewjob?jk=9a618e2bd6b6211a,천안 전지역 천안탑 콜25 배달대행기사 전업 파트타임 투잡기사,,"월급 4,000,000원","달리 go | 배달대행 | 원동기배달,일반배달,배달,배달 | 아르바이트,정규직,계약직 | 1년이상 | 주5일 | 조일근무 | 월급 4,000,000 | 연령무관 | 2020-12-13"
https://kr.indeed.com/viewjob?jk=83b52d338427ef10,"Program Manager, Hiring with Disabilitie...",,,"committee members to work across different workstreams like go-to-market, web and content delivery, education services..."
https://kr.indeed.com/viewjob?jk=de49aafd44205801,스탠리블랙앤데커 Leadership Program - Marketer,,,"Involving in new product development / launch process ⊙ "" Go To Market"" planning to develop marketing strategies in order..."
https://kr.indeed.com/viewjob?jk=c14b6d6c1bc5a2d3,Stock Clerk,,,"Alaska Native Corporation (ANC), 100% of our company’s profits go back to our 14,300 Iñupiat shareholders that have resided..."
https://kr.indeed.com/viewjob?jk=9c4e1b23384a0b9b,국내 유명 보험사 블록체인 (대리 과장급) 정규직,,,"동향 조사 - 블록체인 응용시스템 아키텍처 운영 - 학사 이상 - 최소 3년 이상의 관련 기술 업무 경력자 - Go, Nodejs, Python 등 프로그래밍 가능자 - 블록체인 기반 서비스 기획 및 운영 경력자 - 블록체인..."
https://kr.indeed.com/viewjob?jk=717877f2bf386a20,Brand Marketing & Content Executive Seou...,,,"10, Gukjegeumyung-ro, Yeongdeungpo-gu, Seoul, Korea HOW TO APPLY • Go PMI career site... pmi.com/careers"" and set ‘South..."
https://kr.indeed.com/viewjob?jk=9e8836211b2805b1,Sales Associate,,,"sales goals on a monthly, quarterly and yearly basis •“ Go the extra mile” to drive sales •Maintain in-stock and presentable..."
https://kr.indeed.com/viewjob?jk=4f61f125df872a7e,Education Services Operations Representi...,,,"generation of innovators who think bigger, aim higher, and go faster... you up... challenge of helping shape humanity..."
https://kr.indeed.com/viewjob?jk=b301a2052eed138f,"Business Development Manager, Google Pla...",,,Google perspective. Define partnership strategies and execute go-to-market plans that can positively influence and transform...
https://kr.indeed.com/viewjob?jk=5e0d46d89c84ad8b,Language Service Translator,,,"12-gil, Yangsan-si, Gyeongsangnam-do HOW TO APPLY • Go PMI career site... pmi.com/careers"" and set ‘South Korea..."
https://kr.indeed.com/viewjob?jk=ef17560d7d3fb8f3,2020년 각 부문 신입/경력,,,"GCP, Azure) 경력 우대 ㆍASP, Node.js, Python, Go, PHP 등 ㆍWOWZA 스트리밍 솔루션 유경험자 ㆍ호스팅 업무 유경험... ASP, Node.js, Python, Go, PHP 등 ㆍWOWZA 스트..."
https://kr.indeed.com/viewjob?jk=ccf8220ee1cd4011,Supply Technician,,,"Alaska Native Corporation (ANC), 100% of our company’s profits go back to our 14,300 Iñupiat shareholders that have resided..."
https://kr.indeed.com/viewjob?jk=6534c2cfc3ca0cec,Facilities Engineer - Camp Carroll,,,"Alaska Native Corporation (ANC), 100% of our company’s profits go back to our 14,300 Iñupiat shareholders that have resided..."
https://kr.indeed.com/viewjob?jk=e8894c7bde201dd7,Administrative Assistant,,,its progress in your dedicated region. Learning – Our employees go through an extensive training period... considered...
https://kr.indeed.com/viewjob?jk=7d3f60f478d7844a,Fieldwork Executive,,,"We go beyond the obvious, using intelligence, passion and creativity to inspire new thinking and shape the world we live..."
https://kr.indeed.com/viewjob?jk=81239407c322d3df,업계최고/최저4000강서구/배달대행배달GO강서지사 라이더 /초보자환영,,"월급 4,000,000원","배달 GO | 배달대행 | 원동기배달,방문배달,음식점배달,치킨배달,피자배달,마트배달,일반배달,배송,배달 | 아르바이트,정규직,계약직 | 3개월~6개월 | 월~일 | 조일근무 | 월급 4,000,000 | 연령무관 | 2020-12-06"
https://kr.indeed.com/viewjob?jk=219ce60f3326e80a,한길퍼니처 생산 및 납품직 ※ 12월 『목요일에 희망 잡(Job)고(Go...,,,해야 합니다. 회사 홈페이지 주소: www.onewayfur.com ※ 12월 『목요일에 희망 잡(Job)고( Go)』맞춤형 온라인 취업박람회 안내 일 시 : ~ 2020. 12. 3 (목) 16:00 지원방법 : 워크넷 이메...
https://kr.indeed.com/viewjob?jk=5a6dc05c9ff9f18e,우수기업 달리고배달대행 라이더 /초보&경력&투잡가능[꿀],,"월급 5,000,000원","달리 GO | 배달대행 | 원동기배달,음식점배달,치킨배달,피자배달,마트배달,일반배달,배송,배달,배달 | 아르바이트,정규직,계약직 | 1개월~3개월 | 월~일 | 조일근무 | 월급 5,000,000 | 연령무관 | 2020-12-11"
https://kr.indeed.com/viewjob?jk=726c0de2bccfad9a,Customer Success Executive,,,providing regular contact and developing self as technical “ go to person” within the industry and projecting a professional...
https://kr.indeed.com/viewjob?jk=c043aca8563c2254,"세차기계 A/S 및 설치하실분/초보가능/전기,기계 유경험자우대",,"월급 2,300,000원","지오( GO) | 고압세척기 진공청소기 조립,AS 및 설치 | 기계·금속,A·S,생산·기능 기타 | 정규직 | 1년이상 | 요일선택 | 조일근무 | 월급 2,300,000 | 연령무관 | 2020-12-16"
https://kr.indeed.com/viewjob?jk=f96b350ec358a706,March 2021 | Kindergarten and Elementary...,,,apostilled... nationwide criminal background check READY TO GO 3. Visa Sponsorship We sponsor E-2 visas. 4. Job...
https://kr.indeed.com/viewjob?jk=8e1465b03bd5bd38,유명 바이오 의료기기 스타트업 Web Backend 개발자,,"연봉 40,000,000원 - 50,000,000원","사용하는 진단학습 웹서비스, 의료진단장비의 데이터를 효과적으로 보여줄 수 있는 도구 등을 개발합니다. Go, React기반으로 개발중이며, TDD와 코드리뷰를 통해 코드품질을 유지하기 위해 노력하고 있습니다. Software..."
https://kr.indeed.com/viewjob?jk=cc992f5752867b77,"Associate Business Development Manager,...",,,point of contact. Define partnership strategies and execute Go-to-Market plans. Provide consultation on managed partner's App...
https://kr.indeed.com/viewjob?jk=6326bf671db78cd6,[L'Oreal Korea] KIC International Market...,,,them with support during product launches and ensure follow-up of go-to-market Effectively prepare clear messages to present...
https://kr.indeed.com/viewjob?jk=b17bf851bb142235,2021 new grads recruiting (first half),,,"We go beyond the obvious, using intelligence, passion and creativity to inspire new thinking and shape the world we live..."
https://kr.indeed.com/viewjob?jk=33da2ae2d4efb605,20 Minutes from Hongdae | March 2021,,,apostille READY TO GO F-series Visa... criminal background check READY TO GO Preferences: Previous teaching experience...
https://kr.indeed.com/viewjob?jk=9280757202d6f5c0,March 2021 | Kindy and Elementary | Near...,,,apostilled... nationwide criminal background check READY TO GO 3. Visa Sponsorship We provide E-2 visa sponsorship...
https://kr.indeed.com/viewjob?jk=83f35e8242017362,Country Manager ISRA Vision South Korea,,,Humility: Is comfortable in own skin and wants credit to go the team for business achievements. Not afraid to take a strong...
https://kr.indeed.com/viewjob?jk=8fc5fa5048ee3322,2021 new grads recruiting (first half),,,"We go beyond the obvious, using intelligence, passion and creativity to inspire new thinking and shape the world we live..."
https://kr.indeed.com/viewjob?jk=adc42ccb419d9dc7,"Measurement and Analytics Specialist, La...",,,"products can effectively address... needs. Partner with Go-to-Market teams to provide market-to-product feedback, develop..."
https://kr.indeed.com/viewjob?jk=7b344b757262cdd3,Marketing Manager,,,"implement global product/business strategies and execute the go-to-market plan (including pricing, communications, pre-sales..."
https://kr.indeed.com/viewjob?jk=d2699098373e0e0f,"Product Marketing Manager, Google Play B...",,,Lead or advise external marketing agencies across local Go-to Market strategy and execution. Analyze and review program...
https://kr.indeed.com/viewjob?jk=489f00a7b687c431,March 2021 | Kindy-Elementary | Seodaemu...,,,apostilled... nationwide criminal background check READY TO GO 3. Visa Sponsorships We sponsor E-2 visas 4. Working...
https://kr.indeed.com/viewjob?jk=3281a34535101e49,EHS Specialist,,,"Alaska Native Corporation (ANC), 100% of our company’s profits go back to our 14,300 Iñupiat shareholders that have resided..."
https://kr.indeed.com/viewjob?jk=7e645b0ad71f8f12,"Partner Manager, Seoul",,,"recruiting, onboarding, and enabling partners and managing go-to-market programs and field execution with our sales teams..."
https://kr.indeed.com/viewjob?jk=e870554ad7dea40a,Apple Diversity Program - 장애인 채용,,,"everyone else at Apple... passion and hard work, you can't go wrong... specific work content, we will ask you about..."
https://kr.indeed.com/viewjob?jk=e33ae12063d87402,Human Resources Specialist (Classificati...,,,"experience. For additional information, please go... Office of Personnel Management (OPM) and U.S. Department..."
https://kr.indeed.com/viewjob?jk=5630b41a4ef05817,Gunsmith II,,,"Alaska Native Corporation (ANC), 100% of our company’s profits go back to our 14,300 Iñupiat shareholders that have resided..."
https://kr.indeed.com/viewjob?jk=ddd9b0fc41ffdb24,Senior Research Executive,,,"We go beyond the obvious, using intelligence, passion and creativity to inspire new thinking and shape the world we live..."
https://kr.indeed.com/viewjob?jk=b976d1dffb6f909a,Attendant-Food & Beverage,,,"work areas throughout the day, practicing clean-as-you- go procedures. Follow all company and safety and security policies..."
https://kr.indeed.com/viewjob?jk=ac66adeed269e4e0,MOKDONG | Kindergarten | March 2021,,,diploma apostilled... nationwide criminal background check READY TO GO 3. Visa Sponsorships We sponsor E-2 visas. 4...
https://kr.indeed.com/viewjob?jk=33fe79264929df84,글로벌 클라우드회사 공공부분 영업 (임원급),,,"임원급) 모집부문 및 자격요건 담당업무 자격요건 인원 [담당업무] - 공공분야의 사업발굴, 기술/컨설팅 영업 및 GTM ( Go to market) 영업 진행 - 고객사의 C-level (임원급) 및 Key SI partner..."
https://kr.indeed.com/viewjob?jk=7839ba611991bd2b,"Brand Lead, Large Customer Sales (Englis...",,,qualifications: Experience in digital marketing sales or product go-to-market strategy. Experience in brand or performance...
https://kr.indeed.com/viewjob?jk=6f35b3db54765959,Service Attendant II,,,"flawless table settings, and your friendly demeanor do not go unnoticed. No matter the day, you set out to provide each guest..."
https://kr.indeed.com/viewjob?jk=7839ba611991bd2b,"Brand Lead, Large Customer Sales (Englis...",,,qualifications: Experience in digital marketing sales or product go-to-market strategy. Experience in brand or performance...
https://kr.indeed.com/viewjob?jk=6f35b3db54765959,Service Attendant II,,,"flawless table settings, and your friendly demeanor do not go unnoticed. No matter the day, you set out to provide each guest..."
https://kr.indeed.com/viewjob?jk=e420c982f6fecb65,New Opening 2021 | Kindy-Elementary Teac...,,,apostille READY TO GO F-series Visa... criminal background check READY TO GO 3. Visa Sponsorship We sponsor E-2 visas...
https://kr.indeed.com/viewjob?jk=ed608481d37a67ca,"FEB 25, 2021 | Kindy-Elementary | 30 Min...",,,nationwide criminal background check READY TO GO 3. Visa Sponsorships We sponsor E-2 visas. 4. Working Conditions...
https://kr.indeed.com/viewjob?jk=1e290ef57b70331b,Kindy-Elementary Teacher | | 30 Minutes...,,,apostilled... nationwide criminal background check READY TO GO 3. Visa Sponsorship We sponsor E-2 visas. 4. Working...
https://kr.indeed.com/viewjob?jk=07487bb9f5dbefdc,"게임마케팅, 웹마케팅 외 경력 정규직",,,"product positioning, selling points, key messages as well as go-to-market strategy. • Define our Esports journey for our team..."
https://kr.indeed.com/viewjob?jk=c6b99bfb0f35676c,"Manager, Original Documentary Features",,,Netflix's reputation within the local creative community... go-to producer/distributor of high quality documentary films...
https://kr.indeed.com/viewjob?jk=1e0bcdf3f5396606,School Counsellor,,,"tuition for up to two children... school. To apply, go to https... dulwich.org/careers and lodge your application..."
https://kr.indeed.com/viewjob?jk=97e2a1d1fdb48aab,해외업체 담당 -무역사무 신입or 경력 정규직,,,handle the transaction of business.. - Person without problem to go abroad for business trip. - Person who can have computer...
https://kr.indeed.com/viewjob?jk=ccda7058a281f56d,Packaging Engineer,,,"people who understand collaboration, respect, and who will go the “extra mile” to achieve unthinkable results. It takes..."
https://kr.indeed.com/viewjob?jk=6884488a00fc8076,Store Associate,,,"experience. For additional information, please go... Office of Personnel Management (OPM) and U.S. Department..."
https://kr.indeed.com/viewjob?jk=4be715770ef0a223,March 2021 | Elementary-Middle School |...,,,apostille READY TO GO If you are applying... criminal background check READY TO GO 3. Visa Sponsorship We sponsor E-2 visas...
https://kr.indeed.com/viewjob?jk=c4a71d3441b4b841,"Manager, International Student Recruitme...",,,quota achievement Experience with building and implementing a Go-to-Market strategy Having a successful track record of B2B...
https://kr.indeed.com/viewjob?jk=2192379302207a8f,"[해외취업] ""줄기세포/유전학 연구소"" 경영사무직",,"연봉 41,000,000원 - 42,000,000원",put any marketing or items that need to go out as well 2. Ship out marketing... 4. Shipment that needs to go out to NJ...
https://kr.indeed.com/viewjob?jk=347a197fada0c2dd,"Attribution Executive, Production, World...",,,"We go beyond the obvious, using intelligence, passion and creativity to inspire new thinking and shape the world we live..."
https://kr.indeed.com/viewjob?jk=7247546bd8738e26,"Attribution Executive, Production, World...",,,"We go beyond the obvious, using intelligence, passion and creativity to inspire new thinking and shape the world we live..."
https://kr.indeed.com/viewjob?jk=16de2120ae1c2eca,Commercial Manager - Food Service,,,"agenda (e.g., Lotteria, Pizza Hut); • Execute & coordinate the Go-To-Market initiative and support the Food Service Lead..."
https://kr.indeed.com/viewjob?jk=983dcebf206df4eb,Channel Executive,,,"Work with partners to develop sell-through plans and co-sell go-to-market strategy, creating effective plans for each..."
https://kr.indeed.com/viewjob?jk=bd05bb9017f81056,Director of Sports,,,"tuition for up to two children... school. To apply, go to https... dulwich.org/careers and lodge your application..."
https://kr.indeed.com/viewjob?jk=ca9898ed8d48de57,Software Engineer (Blockchain MainNet),,,governance 개발 [자격요건] - 블록체인 기술과 이를 이용한 서비스 개발에 대한 관심 있는 분 - Go 언어 능숙한 분 - 새로운 언어와 기술을 습득하시고 업무에 적응하는데 능숙한 분 - 분산 시스템에 필요...
https://kr.indeed.com/viewjob?jk=d0c7756b2b74d3f7,Field Service Engineer South Korea,,,"especially in medium and small companies), someone who can go on a long solo business trip, driver license. Someone who lives..."
https://kr.indeed.com/viewjob?jk=409895fc3b1c8b77,"[해외취업] 독일, Avocado Communication, 프로젝트 매...",,,"promote customer loyalty Provision and implementation of go-to-market plans for product launches, accompanying campaigns..."
https://kr.indeed.com/viewjob?jk=c1ca760e8599cd54,데이터사이언티스트 경력 정규직,,,Basic Machine Learning Concept -Node.js / Express.js / Go -TensorFlow -Google Cloud Platform / Compute Engine / K8s 2 명 근무조건...
https://kr.indeed.com/viewjob?jk=3dd5c2e429a10df5,Associate Program (2021 Intake),,,"one another, and celebrating wins together. Our alumni go... join some... world’s most prestigious companies or pursue..."
https://kr.indeed.com/viewjob?jk=3729700ad667e444,Product Marketing Manager-Ads,,,3. Define go-to-market (GTM) strategy for TikTok's ever-evolving ads product. Instrumental in setting go-to-market strategy...
https://kr.indeed.com/viewjob?jk=e92e100f261967fa,Database Engineer,,,"관련 분야 학사 학위 소지자 [우대사항] 프로그래밍 및 스크립트 스킬 (bash, Python, Java, Go 선호) 다양한 종류의 데이터베이스 경험 (MySQL, PostgreSQL, Redshift, Oracle 등..."
https://kr.indeed.com/viewjob?jk=17ed9e2c24864bb2,March 2021 | Kindy-Elementary | Near Han...,,,apostille READY TO GO F-series Visa... criminal background check READY TO GO 3. Visa Sponsorship We provide E-2 visa...
https://kr.indeed.com/viewjob?jk=bc4a32c63fe1600f,Senior Research Executive,,,"We go beyond the obvious, using intelligence, passion and creativity to inspire new thinking and shape the world we live..."
https://kr.indeed.com/viewjob?jk=419692b3ddb34768,Analytics Specialist,,,demonstrate strategic thought and client management skills that go beyond platform knowledge... Role Client Facing Hands...
https://kr.indeed.com/viewjob?jk=41c54542c0c99171,F&B Server,,,"flawless table settings, and your friendly demeanor do not go unnoticed. No matter the day, you set out to provide each guest..."
https://kr.indeed.com/viewjob?jk=c4c0939c90a68381,Country Manager,,,Inside Sales) Build and execute relationships and go-to-market strategies with key Medallia Partners... management...
https://kr.indeed.com/viewjob?jk=84d6229362762c7f,Supply Planning Specialist,,,"Supply Planner? At P&G Product Supply (Supply Chain), we go beyond sourcing, moving materials and reducing costs. Your role..."
https://kr.indeed.com/viewjob?jk=d48f5f1348497c91,"Associate, Client Service (Seoul)",,,"언어능력과 대인커뮤니케이션 스킬, 탁월한 분석력, 그리고 업무성과 달성과 요구사항에 준수에 대한 책임감 및 "" Go the extra miles"" 와 같은 우수한 역량과 적극적이고 진취적인 태도가 요구됩니다. 가능하면 다양한..."
https://kr.indeed.com/viewjob?jk=0c1a7214346bb10e,[물류 플랫폼 L사] 세일즈 총괄 본부장 건,,,프라인 창출 및 관리 ● 기존 고객 및 신규 고객 대상 up-selling/cross-selling ● GTM( go-to-market strategy) 수립 및 Key account management ● 팀원 관리 [근무부...
https://kr.indeed.com/viewjob?jk=de8bb31dd91f3de7,Media Server Engineer,,,"같은 클라우드 환경에서 상용 서비스를 개발 및 운영해 보신 분 API 설계 경험이 있으신 분 C, C++, go를 사용하여 서버 개발을 해 보신 분 아는 것을 정리하고 공유하는 습관을 가지신 분 오픈 소스 개발 경험을 가진..."
https://kr.indeed.com/viewjob?jk=386039478a3bee35,Partner Marketing Creative Manager,,,"selfless, collaborative senior professional who will naturally go beyond roles and titles to get great work done A natural..."
https://kr.indeed.com/viewjob?jk=7afed61a04574d71,Associate Program (2021 Intake),,,"one another, and celebrating wins together. Our alumni go... join some... world's most prestigious companies or pursue..."
https://kr.indeed.com/viewjob?jk=0eecc50e8b2a7a5d,FEBRUARY INTAKE | Choose Your Desired Lo...,,,copy of your university diploma with an apostille READY TO GO TESOL/TEFL/Teacher certification not required 3. Working...
https://kr.indeed.com/viewjob?jk=1e2e305e566a9ee9,GUCCI VM Manager,,,"Ability to organize and negotiate between WW and local needs to go forward Promote a professional image, being positive..."
https://kr.indeed.com/viewjob?jk=1822f2987264f164,"[5대암내과, 광명시] 간호사 선생님 정규직",,"연봉 24,000,000원 - 28,000,000원","더 큰 미래(대형검진센터 및 요양병원목표)를 꿈꿔 보실 간호/방사선사 선생님을 Partner로 모십니다. "" Go Together !!!"" 우대요건 : 로컬 내과 경험자, 위/대장 내시경 보조 경험자 및 대형 검진센터 경력..."
https://kr.indeed.com/viewjob?jk=9a9e91ae6092ed2d,Developers,,,"development and operation Experience using Java / Node.js / Go / Python, etc. Ability to utilize Databases including RDB..."
https://kr.indeed.com/viewjob?jk=f8959a77197be4e9,Account Manager- MM,,,findings to all the cross functional team; Product and go-to-market strategy 1. Responsible for improvement of product...
https://kr.indeed.com/viewjob?jk=1309da7d5b0023f7,Marketing Manager - Korea,,,drive the Go-To-Market plan for Korea Direct & Channel business. Go-To-Market plan... independent go getter... passion...
https://kr.indeed.com/viewjob?jk=030b61fdad0a1a3e,백엔드 개발자(데이터엔지니어) Senior,,"연봉 60,000,000원 - 70,000,000원","Hortonworks 등 Hadoop Cluster 설치 및 운영 경험 - 언어 : Python, Go - 스타트업 경험 1 명 근무조건 고용형태: 정규직(수습기간3개월) 근무부서: 개발팀 급여조건: 연봉 주40시간..."
https://kr.indeed.com/viewjob?jk=03e3a66f09d252ac,March 2021 | Kindy-Elementary | Right Ne...,,,copy of your university diploma with apostille READY TO GO MUST have a bachelor’s degree from an accredited university MUST...
https://kr.indeed.com/viewjob?jk=e9e86127df39c006,[Search] 검색 서버 개발 & DevOps 엔지니어 (신입),,,"요건 및 우대사항] [ 신 입 ] · Unix/Linux 환경에서의 개발 경험이 있으신 분 · C++, Go, Python 등 하나 이상의 프로그래밍 언어로 서버 개발이 가능하신 분 · 컨테이너 및 자동화 기술에 대한..."
https://kr.indeed.com/viewjob?jk=32810cad1aa5fcee,Channel Cross-Functional Producer,,,"market, facilitate strategic alignment and draft/manage the go-to-market Plan of Record for Channel. She/He will develop..."
https://kr.indeed.com/viewjob?jk=7720d037f75eaf8d,Channel Business Development Manager - A...,,,managed effectively... documented go to market strategy and approved Business... personal goals • Go To Market strategy...
https://kr.indeed.com/viewjob?jk=a8c7bb65bc27f020,Associate Specialist Sales Administratio...,,,team's decision clearly and quickly to help the monthly sales go as planned. Key Responsibilities: Collects and organizes...
https://kr.indeed.com/viewjob?jk=233bbfd9781e846d,"Engr, Tech Supp 3",,,issues in detail and settles the best course of action. Go on-site to customer sites to resolve issues following our policy...
https://kr.indeed.com/viewjob?jk=233bbfd9781e846d,"Engr, Tech Supp 3",,,issues in detail and settles the best course of action. Go on-site to customer sites to resolve issues following our policy...
https://kr.indeed.com/viewjob?jk=d8e3689d955f66e8,Part-time() / Full-time(March) Kindergar...,,,apostilled... nationwide criminal backgorund check READY TO GO 3. Visa Sponsorship We sponsor E-2 visas. 4. Working...
https://kr.indeed.com/viewjob?jk=8a5c305f2e5018ed,데이터 인프라 담당자 모집,,,"Hadoop 에 관심이 있으신 분 하둡 기반 대용량 데이터 환경 경험이 있으신 분 Java, python, go, bash 등 스크립팅 언어 중 하나 이상 활용 가능하신 분 데이터 분석가와 협업 경험이 있으신 분 필독사항..."
https://kr.indeed.com/viewjob?jk=0f9fcb5addb9d5a4,Brand Marketing & Content Executive,,,"10, Gukjegeumyung-ro, Yeongdeungpo-gu, Seoul, Korea HOW TO APPLY Go PMI career site, "" pmi.com/careers"" and set ‘South Korea..."
https://kr.indeed.com/viewjob?jk=b966810974ac84da,"Technical Solutions Engineer, Wear OS (E...",,,"web applications and programming languages (e.g., Python, Go, Java, JVM Hotspot, HTTP, HTTPS). Ability to speak and write..."
https://kr.indeed.com/viewjob?jk=49e36cdded4cd3e0,Service Technician,,,"personal and professional skills. In return, we expect you to go the extra mile to achieve results. Additional information..."
https://kr.indeed.com/viewjob?jk=e842498763d1cb86,HUGE ACCOMMODATION | Elementary Teacher...,,,apostilled... nationwide criminal background check READY TO GO 3. Visa Sponsorship We sponsor E-2 visas. 4. Working...
https://kr.indeed.com/viewjob?jk=bc3e47cc5bce55fa,Science Teacher at International School...,,,apostilled... nationwide criminal background check READY TO GO MUST have a bachelor’s degree from an accredited...
https://kr.indeed.com/viewjob?jk=a87807b8b1104b94,March 2021 | Kindy and Elementary | Seoc...,,,"2 or 3 days will only go until 5:35 PM... great Korean and foreign food scene, or go shopping at Express Bus Terminal. About..."
https://kr.indeed.com/viewjob?jk=ee53bbd523deb0a9,IT Engineer (Korean Speaking),,,"explore the edges of possibility and beyond. Together, we Go.Far. Challenge: Our people take on some... biggest..."
https://kr.indeed.com/viewjob?jk=afe92c03320fe1b3,카카오 광고 서비스 알고리즘 및 시스템 개발,,,"싶습니다. 지원 자격 (공통) 하나 이상의 프로그래밍 언어에 익숙한 분 (C/C++, Java, Python, Go, Scala 등) 알고리즘 개발 업무 관련 데이터 마이닝 또는 머신러닝 지식/경험이 풍부한 분 (통계분석..."
https://kr.indeed.com/viewjob?jk=73c22021540acd71,Integrated Planning Manager,,,collaborative Marketing professional who will naturally go beyond roles and titles to get great work done... role: Long...
https://kr.indeed.com/viewjob?jk=b53762b07f00df8b,Sales Director,,,"goals, grow and optimize headcount and resources in region for Go-To-Market strategy, conduct internal Quarterly Business..."
https://kr.indeed.com/viewjob?jk=56dbba6d5c4aefd9,Middle and High School English Literatur...,,,copy of your university diploma with apostille READY TO GO MUST have a bachelor’s degree from an accredited university...
https://kr.indeed.com/viewjob?jk=d7c930674681f845,AE Indirect – Consumer Reseller Online A...,,,"right people both inside and outside of Apple... go to person with leadership, you are trusted and comfortable in tough..."
https://kr.indeed.com/viewjob?jk=1961cdd73f62c880,"Specialized Solutions Architect III, DW",,,"flexible pay-as-you- go model frees our... highly ambiguous customer requirements, go beyond the immediately stated needs..."
https://kr.indeed.com/viewjob?jk=583a039f7631d921,[EY한영] 재무자문본부 Transaction Strategy Execu...,,,"Consulting [모집분야] － PMI 전략 수립 － 경영진단, 중장기 경영전략, 사업 포트폴리오 전략, GO to Market 전략 － 중장기 사업계획 수립 [자격요건] － 3년 이상 대기업 대상 경영 전략..."
https://kr.indeed.com/viewjob?jk=3b7ef8ff68d870bc,eCommerce Contents & Merchandising Speci...,,,Passionately embraces the challenge and effort to keep UA unique; committed to go the extra mile to build/protect the brand
https://kr.indeed.com/viewjob?jk=a7b95085e971b936,Fragrance Div.,,,results in a fast-paced environment Confident and go-getter under pressure Comfortable in public speech & presentation...
https://kr.indeed.com/viewjob?jk=2bfbe441d991e84d,Kindergarten and Elementary Teaching Pos...,,,apostilled... nationwide criminal background check READY TO GO 3. Visa Sponsorship We provide visa sponsorship for E...
https://kr.indeed.com/viewjob?jk=24a786d048d419da,"Sales Manager Gaming, Korea",,,"We need to make sure that we provide the team... tools and resources they need to go All-In.” Oren Kaniel, CEO"
https://kr.indeed.com/viewjob?jk=d17e8685b548e491,"QA Technician (품질관리원) - 1년 계약직 Yangsan,...",,,"12-gil, Yangsan-si, Gyeongsangnam-do HOW TO APPLY • Go PMI career site... pmi.com/careers"" and set ‘South Korea..."
https://kr.indeed.com/viewjob?jk=daea6a267e16f0ec,Marketing Manager - Korea - Field Market...,,,drive the Go-To-Market plan for Korea Direct & Channel business. Go-To-Market plan... independent go getter... passion...
https://kr.indeed.com/viewjob?jk=f6af7351ad21781f,Regional Sales Manager,,,"collaboration of its more than 40,000 employees. Together, we go further. Together, we’re life changing. Deadline 23 Nov..."
https://kr.indeed.com/viewjob?jk=69f85360295ebbfd,March 2021 | Kindy and Elementary | Song...,,,"notarized university diploma, both with apostilles, READY TO GO Preferences: Teaching experience in Korea preferred 3..."
https://kr.indeed.com/viewjob?jk=c8a6d7222f7147e2,Head of Product and Sales Activation Tea...,,,"an advertising sales environment, or working within the Go-to-Market area of a product organization. Excellent communication..."
https://kr.indeed.com/viewjob?jk=2e471d0cf19be66c,Business Data Analyst 경력자 채용,,,"Media, GO Program management, Fresh... jobs/2301635 Principal Business Analyst ( GO Program management) https://boards..."
https://kr.indeed.com/viewjob?jk=617514d06ce6c9cd,AI R&D Data Platform 개발자 모집,,,"있으신 분 - 데이터 엔지니어링 및 분산 처리 기술에 대해 관심이 많으신 분 - Scala, Python, Go 중 하나 이상의 프로그래밍 언어에 능숙한 분 우대사항 - 데이터 엔지니어링 및 분산 처리 기술 (Hadoop..."
https://kr.indeed.com/viewjob?jk=b7be58e7af38d186,Developer (개발자),,,"경에서 빌드, 배포, 모니터링 등의 경험이 있으신 분 서버 개발 [우대사항] Python / Node.js / Go / Java 중 한 가지 이상의 개발 언어에 익숙하신 분 Restful API 디자인 및 개발, 운영 경험이..."
https://kr.indeed.com/viewjob?jk=1d6848732a9f6924,Brand Marketing & Content Designer Seoul...,,,"10, Gukjegeumyung-ro, Yeongdeungpo-gu, Seoul, Korea HOW TO APPLY • Go PMI career site... pmi.com/careers"" and set ‘South..."
https://kr.indeed.com/viewjob?jk=5808b9bf6d982099,추천/일하고싶은곳중고차딜러사원/지금지원GO/ 월평균급여200이상,,"월급 2,000,000원","디오오토갤러리... 자동차·중고차,상담·영업 기타 | 위촉직 | 1년이상 | 주5일 | 새벽근무 | 월급 2,000,000 | 연령무관 | 2020-12-04"
https://kr.indeed.com/viewjob?jk=21593b1697bacc55,Medical Representative - OBU South-East,,,"collaboration of its more than 40,000 employees. Together, we go further. Together, we’re life changing. Deadline 26 Nov..."
https://kr.indeed.com/viewjob?jk=36254176f583a5ba,[센텀시티역도보5분거리] 경력아웃텔레마케팅 직원 GO,,"월급 1,700,000원","(주)비트스토리 | 도소매 | 인바운드,고객관리,해피콜,콜센터,통신,쇼핑몰,가입상담,전화홍보,콜센터,상담·영업 기타 | 아르바이트 | 1년이상 | 월~금 | 조일근무 | 월급 1,700,000 | 연령무관 | 2020-12-10"
https://kr.indeed.com/viewjob?jk=a6a690b2f6181ba6,March 2021 | Elementary | Avalon Seocho...,,,"out North Seoul Tower, try Hanboks... Gyeongbok Palace, or go shopping at Myeongdong. Since we're located... city, you..."
https://kr.indeed.com/viewjob?jk=3d10bfff0f6dd987,"Operations Manager, Busan",,,help people get where they need to go! We’re looking for creative leaders... everything will go according to plan. You...
https://kr.indeed.com/viewjob?jk=001e52380a2587cd,Developer for HANA Cloud Service Enablem...,,,"Ability to work in an international team... proactive Go language, Python or shell script programming skills Preferred..."
https://kr.indeed.com/viewjob?jk=0a4ca8ef5b6cc8fb,Laura Mercier PR Specialist,,,results in a fast-paced environment Confident and go-getter under pressure Comfortable in public speech & presentation...
https://kr.indeed.com/viewjob?jk=67fd6e9833e72589,Feb 2021 positions,,,Gimhae(http... gimhae. go.kr/gimhae.web... very close to Seoul ( http... guri. go.kr/main/eng... looking for 8...
https://kr.indeed.com/viewjob?jk=e01a0c77d5c9a36b,GTMS Sales Operations Manager (APJ),,,working... Go To Market Specialist... Go To Market Specialist Operations Lead will act as a trusted advisor to Go...
https://kr.indeed.com/viewjob?jk=d1d9931658bcc38c,Manager People & Culture - Operations Ya...,,,"12-gil, Yangsan-si, Gyeongsangnam-do HOW TO APPLY • Go PMI career site... pmi.com/careers"" and set ‘South Korea..."
https://kr.indeed.com/viewjob?jk=fc93de2e454c65a0,"Assistant Category Manager, Personal Car...",,,"Collaborate with internal and external partners to execute go-to-market strategies, ongoing support and plans including new..."
https://kr.indeed.com/viewjob?jk=e4066119c5e9d0da,Security Developer (보안 개발자) (인재풀),,,"분 보안 로그 상관분석 개발 또는 그에 준하는 분석/탐지 기술 개발 경험이 있는 분 Python, JAVA, Go 등의 프로그래밍 언어에 능숙한 분 우대 사항 대용량 데이터 기반의 보안시스템(SIEM,ESM,통합보안모니터링시..."
https://kr.indeed.com/viewjob?jk=3a56ff06582fd313,창원상공회의소에서 구인 구직 신청을 받습니다,,,창구 신월동 97-7 창원상공회의소 상세정보 창원상공회의소에서 구인·구직 신청하세요! “일자리 JOB GO! 꿈 JOB GO!” 인터넷 구인 구직접수 www.gnprojob.net 경남특화산업인력지원센터 취업상담 문의 055...
https://kr.indeed.com/viewjob?jk=ff37c6d966a9e989,Technical Customer Service Associate,,,Experience building or hosting a website. · Known... go-to person in your family for technology related questions. 아마존은...
https://kr.indeed.com/viewjob?jk=248f25cc0416aa37,Java Backend Software Engineer,,,"Netty, Akka 등 비동기 네트워크 프레임워크 사용 경험이 있으신 분 Scala, Kotlin, Rust, Go 등의 고성능 정적 타입 언어 사용 경험이 있으신 분 Cassandra, HBase 등의 NoSQL 환경에서..."
https://kr.indeed.com/viewjob?jk=04d685fc70b67d4e,Linux/Python/PHP/MySQL/백엔드 정규직 경력,,,"bash, python, OOP 언어 중 가능자 - Back-End 서버를 개발해 보신 분 [우대사항] - Go(aka GoLang), Swift, Android(Java), PHP, Angular - DB 이해도가 높고..."
https://kr.indeed.com/viewjob?jk=70dab53b96b577c5,"| Elementary Teacher | Seocho-gu, Seoul",,,apostilled... nationwide criminal background check READY TO GO 3. Visa Sponsorship We sponsor E-2 visas. 4. Working...
https://kr.indeed.com/viewjob?jk=854826bede69f7eb,"Partner Account Manager, Korea - Industr...",,,KPIs throughout the calendar year Develop and execute go-to-market strategies with partners Guide partner participation...
https://kr.indeed.com/viewjob?jk=c2c9cde027fe4414,[이태리계 포워딩] 포워딩 영업 경력직원(7년 이상),,,"Proactivity, ability to take ownership, willingness to go the extra mile for customers and build long term relationships..."
https://kr.indeed.com/viewjob?jk=5d58e9e5c94838e6,"Account Strategist, Large Customers",,,"internally to all parties involved and being the client’s “ Go-To” person for any questions, so that our clients can achieve..."
https://kr.indeed.com/viewjob?jk=74ab1f408f53ca70,AI/ML Specialist Partner SA,,,"vision technology in our new retail experience, Amazon Go. We have thousands of engineers at Amazon committed to machine..."
https://kr.indeed.com/viewjob?jk=0d242d67df486044,Business Analyst (Operation FP&A),,,labor model 개발 중×대규모 비즈니스 케이스 분석을 통해 운영 성과의 지속적 제고를 위한 개선방안 제언 GO FP&A 팀에서 배포한 Fulfillment Operation 관련 데이터의 품질 및 서비스 레벨 유지...
https://kr.indeed.com/viewjob?jk=546d7e8078d41e96,| Sadang | Korean Academic Director,,,nationwide criminal background check READY TO GO Korean Citizens: MUST have a degree in child education MUST have...
https://kr.indeed.com/viewjob?jk=44067fcfbda3111e,"Manager Ethics & Compliance, Korea Seoul...",,,"10, Gukjegeumyung-ro, Yeongdeungpo-gu, Seoul, Korea HOW TO APPLY • Go PMI career site... pmi.com/careers"" and set ‘South..."
https://kr.indeed.com/viewjob?jk=00dad4ee6c28fc3b,NOVEMBER | Kindergarten Homeroom Teacher,,,does like to have in-person interviews so you must be able to go... school and speak with them regarding the position...
https://kr.indeed.com/viewjob?jk=950eff57dfd66874,Sales Consultant,,,impeccable business acumen. Go-Getter . Willing to go the extra mile... strong... acumen. Go-Getter . Willing to go...
https://kr.indeed.com/viewjob?jk=c2e0dbd427707fd8,"Sales Specialist, Collaboration",,,business in his/her territory. Develop and implement go-to-market plans to accelerate the growth of Cisco Collaboration...
https://kr.indeed.com/viewjob?jk=097b8be4952cdb99,소프트웨어 개발(엔진 파트)-청년디지털일자리 온라인 박람회,,"연봉 28,000,000원 - 30,000,000원","지원자격 경력 신입·경력 학력 - 성별 무관 기타 담당업무 빅테이터 수집 분석 시스템 UI 개발 java, go, c활용, 대용량 데이터 처리, Elastic search 활용 * 수습기간 3개월 * 경력자 면접시 연봉협의..."
https://kr.indeed.com/viewjob?jk=e5a80b857513f896,[B마트] 백엔드 시스템 개발자,,,"분 - 웹 프론트엔드 개발 능력과 UI에 대한 기본 지식 및 경험이 있으신 분 - Java 외 (Kotlin, Go) 플랫폼에도 익숙하신 분 [꼭 읽어 주세요!] - 지원 시 경력기술서(PDF형식) 필수 첨부 부탁 드립니다..."
https://kr.indeed.com/viewjob?jk=dc8461e33bda7813,Application Architect,,,"C/C++, C#, Swift, Node.js, Python, Go, or Ruby. · Experience as a technical... Node.js, Python, Go 또는 Ruby 중 두 개 이상의 언어를..."
https://kr.indeed.com/viewjob?jk=794f536fe017d7e3,Principal Outposts Specialist,,,"person... analytical, and possess 10+ years leading strategic Go To Market and Product activities for related subjects..."
https://kr.indeed.com/viewjob?jk=aceffd8f2d82353e,27 Million KRW | DECEMBER | Elementary S...,,,apostilled... nationwide criminal background check READY TO GO Korean Citizens: MUST have near-native English skills...
https://kr.indeed.com/viewjob?jk=093238f67e9a627b,In-Country Sales Executive,,,London... requirement for you... office based - you go where your customers... Korea! We provide...
https://kr.indeed.com/viewjob?jk=d6f95cd8eaf35db7,| Homeroom Teacher | Gangnam,,,diploma apostilled... nationwide criminal background check READY TO GO 3. Visa Sponsorships We sponsor E-2 visas. 4...
https://kr.indeed.com/viewjob?jk=52a593e64d404756,Mid-Market Sales Engineer,,,"experience in one... following: Java, Python, Ruby, Go, Node.JS, PHP, or .NET Customer support or customer facing..."
https://kr.indeed.com/viewjob?jk=8a7288f15c4b8cd9,Business Development Manager,,,sharp high-level system selling value proposition and ready to go... details. •Senior relationship management: Capable...
https://kr.indeed.com/viewjob?jk=991453b4c28e2cf8,Associate Consultant,,,looking... strong analytical thinker and energetic “ go-getter” to become part of a dynamic team of consulting services...
https://kr.indeed.com/viewjob?jk=f5ec8439ac5d62b6,Enterprise Support Business Development...,,,Support organization. You will define the strategy and own the go-to-market (GTM) efforts for Support... objective...
https://kr.indeed.com/viewjob?jk=239426264d792cda,March 2021 | Kindergarten Homeroom Teach...,,,"apostilled... nationwide criminal background check READY TO GO We are currently taking applications from F-2, F-5..."
https://kr.indeed.com/viewjob?jk=01618620f92a3135,Lead Sales Representative,,,"strategies including product portfolio, positioning, pricing, go-to-market strategies and incentive plans for product..."
https://kr.indeed.com/viewjob?jk=fb7af50bafbe5140,Nutrilite Product & Solution Marketer,,,tasks. - Develop actionable strategies and implement various Go To Market activities in support of new product launches...
https://kr.indeed.com/viewjob?jk=420a06e9229c0f59,Business Transformation Consultant : Dig...,,,leading consulting and implementation projects... Go-to’ person for e-commerce queries... latest & greatest...
https://kr.indeed.com/viewjob?jk=c691bc2e194aa57d,Sales Director ( South Korea ),,,business... potential for business alignment Go high-and-wide within enterprise organizations to understand the full...
https://kr.indeed.com/viewjob?jk=8f8cb23f16a1c727,"Partner Development Manager, Korea",,,"We need to make sure that we provide the team... tools and resources they need to go All-In.” Oren Kaniel, CEO"
https://kr.indeed.com/viewjob?jk=344b265d48a999cf,"Account Executive, Mid Market (Korea) -...",,,technology... you can learn it quickly. Go-Getter . You are willing to go the extra mile... strong work ethic; self...
https://kr.indeed.com/viewjob?jk=450fa590d22a614e,Telesales Business Development Represent...,,,"representatives and field sales account managers to develop go-to-market and account strategies · Effective sales, marketing..."
https://kr.indeed.com/viewjob?jk=598077fe0e6d6e46,Medical Representatiave - OBU-Seoul,,,"collaboration of its more than 40,000 employees. Together, we go further. Together, we’re life changing. Deadline 26 Nov..."
https://kr.indeed.com/viewjob?jk=de44d2ab5029e106,Strategic Marketing & BD Manager (Specia...,,,"all go-to-market approaches including channel, positioning, pricing and promotion. Responsibilities: Develop coordinated go..."
https://kr.indeed.com/viewjob?jk=fa765e906dee93e3,Data Engineer(경력),,,"통이 원활하신 분 - 서초 Office 출근이 가능하신 분 - 하나 이상의 프로그래밍 언어를 익숙하게 사용 : Go, Scala, Python - 대용량 분산 처리 시스템 개발 및 운영 경험 [우대 사항] - 퍼블릭 클라..."
https://kr.indeed.com/viewjob?jk=c7d674c1d5466ed2,지스트 블록체인인터넷경제연구센터 계약직(연구원),,,포크 1) 4년제 대학 이상 졸업자 2) SW프로그래밍 제작 경험자 3) Python/C/Java/ Go 프로그래밍 가능자 우대사항 ① 국가보훈대상자(취업보호대상자) 및 장애인은 관련 법령에 의거하여 우대 ② 전산...
https://kr.indeed.com/viewjob?jk=71b9593206038392,"Area Sales Manager, Consumer Sales",,,"right people both inside and outside of Apple... go to person with leadership, you are trusted and comfortable in tough..."
https://kr.indeed.com/viewjob?jk=bc96ea8858feb86b,Server,,,"flawless table settings, and your friendly demeanor do not go unnoticed. No matter the day, you set out to provide each guest..."
https://kr.indeed.com/viewjob?jk=d75e6eb82cf107d0,데이터 엔지니어 / Data Engineer,,,등 기본적인 전산 지식에 대한 이해를 갖추신 분 - Python / Java / Scala / Kotlin / Go 중 하나 이상을 이용한 개발 경험이 있으신 분 * 이런 역량을 가지신 분을 우대합니다. - 기초적인 확률...
https://kr.indeed.com/viewjob?jk=3d99484b3b6d1956,March 2021 | Applicants,,,apostilled... nationwide criminal background check READY TO GO 3. Visa Sponsorship We sponsor E-2 visas. 4. Job...
https://kr.indeed.com/viewjob?jk=06eb0db19df30d08,Experienced Associate 2020 Intake,,,"like-minded colleagues from across the globe right from the get- go. Through hard work, drive... commitment to delivering..."
https://kr.indeed.com/viewjob?jk=94a57a7334daf401,"Product Marketing Specialist, Laboratory...",,,"our products and services, drive revenue and growth through our go to market strategy as widely. The candidate will use broad..."
https://kr.indeed.com/viewjob?jk=feef5336667ff10a,"Account Executive, Mid Market (Korea)",,,technology... you can learn it quickly. Go-Getter . You are willing to go the extra mile... strong work ethic; self...
https://kr.indeed.com/viewjob?jk=d9f87545c0430727,민트팟 소프트웨어 외주 개발 프로젝트 매니저(PM),,,"가능! 간식 제공: 일하다 출출할 땐 눈치 보지 말고 민트팟 간식 창고로 Go Go! 조기 퇴근: ""일이 생겨 빨리 들어가 봐야할 거 같아요!"" 그렇다면 조기 퇴근 신청으로 Go! 모집분야: 소프트웨어 외주 개발 프로젝트..."
https://kr.indeed.com/viewjob?jk=2efb23692a9705a7,"Manager Production Yangsan, South Korea...",,,"12-gil, Yangsan-si, Gyeongsangnam-do HOW TO APPLY • Go PMI career site... pmi.com/careers"" and set ‘South Korea..."
https://kr.indeed.com/viewjob?jk=9f9f64129f0ca8cd,[TmaxSoft/MW사업본부] MW 제품 기획 팀장,,,비스 상품 기획 최신 미들웨어 기술 트렌드 분석 자격요건 소프트웨어/솔루션 기획 유경험자 소프트웨어/솔루션 Go-to-Market 체계 이해도 보유 열정적이고 책임감있는 긍정적인 마인드의 소유자 원할한 커뮤니케이션을...
https://kr.indeed.com/viewjob?jk=276ba00b82cb9de1,M1A2 Track Mechanic - Camp Carroll (Daeg...,,,"Alaska Native Corporation (ANC), 100% of our company’s profits go back to our 14,300 Iñupiat shareholders that have resided..."
https://kr.indeed.com/viewjob?jk=b1b480681664fa46,Senior Business Development Manager (HR...,,,"You... responsible for developing and executing the EOR sales go to market plan that drives revenue growth, new customer..."
https://kr.indeed.com/viewjob?jk=6e4170888fdd92a5,SOFTWARE ENGINEER - BACKEND,,,"ODK Media's services. Tech stack Python, Django, REST, Go PostgreSQL, MySQL, Redis AWS, Kubernetes, CDN Qualifications..."
https://kr.indeed.com/viewjob?jk=ab3215d8091ec77e,Kindergarten and Elementary | Main Teach...,,,apostilled... nationwide criminal background check READY TO GO 3. Visa Sponsorship We sponsor E-2 visas. 4. Working...
https://kr.indeed.com/viewjob?jk=9f3442c337192203,Sales Team Leader - SouthEast,,,"collaboration of its more than 40,000 employees. Together, we go further. Together, we’re life changing. Deadline 24 Nov..."
https://kr.indeed.com/viewjob?jk=92fff1f77fdbc0d3,AWS Application Developer,,,"Java, Python, C++, Scala, Go, Ruby, etc... 래밍 언어 경험 (예 : Java, Python, C ++, Scala, Go, Ruby 등) · 애플리케이션 개발을 지원하는 마이크로 서비스 아키텍..."
https://kr.indeed.com/viewjob?jk=b45320fd74a51be5,Product Manager for Medical Display,,,owner in responsibility of product roadmap planning and go-to-market strategy •Manage New Product Development Process...
https://kr.indeed.com/viewjob?jk=177b13820656ac8b,Field Sales Engineer,,,"Target NSB : $11M , GPP more 8% (YTD $7.6M by Q3.20) How to go beyond target = Huneed Technology with Amphnol Line $1M on TI..."
https://kr.indeed.com/viewjob?jk=da1e930d0ad0a4f3,[신규프로젝트] MMORPG (모바일) 서버 플랫폼 프로그래머 모집,,,"정의를 할 수 있으며 그에 대한 해결이 가능하신 분 - C++ 이외의 구사언어 가능하신 분 ( python, Go, C# 등등 ) - 플랫폼 관련 업무(계정/결제 서비스 등) 를 경험해 보신 분 제출서류 필수 제출서류 없음..."
https://kr.indeed.com/viewjob?jk=3d9e527791a56171,Business Development Manager,,,"business relationship with customers and partners, focusing on go-to-market activities... role may cover training business..."
https://kr.indeed.com/viewjob?jk=f14bcbd2a210ea23,| Kindergarten to Middle School Teacher...,,,apostilled... nationwide criminal background check READY TO GO 3. Visa Sponsorship We sponsor E-2 visas. 4. Job...
https://kr.indeed.com/viewjob?jk=649aa411864d7237,SuccessFactors Business Process Associat...,,,"test scheduling and execution, key user training, go live support and post go live support) <span style=""font-family:""Arial..."
https://kr.indeed.com/viewjob?jk=55076962b093e975,"Field Application Scientist, Upstream (S...",,,Field Applications Scientist (FAS) shall harmonize with global Go-To-Market vision by ensuring regional alignment with SUT...
https://kr.indeed.com/viewjob?jk=97549010d9fef76e,Account Manager- MM,,,findings to all the cross functional team; Product and go-to-market strategy 1. Responsible for improvement of product...
https://kr.indeed.com/viewjob?jk=62a8f9bf4b35eace,민트팟 B2C/B2B 마케팅 경력직,,,"8. 간식 제공: 일하다 출출할 땐 눈치 보지 말고 민트팟 간식 창고로 Go Go! 9. 조기 퇴근: ""일이 생겨 빨리 들어가 봐야할 거 같아요!"" 그렇다면 조기 퇴근 신청으로 Go! 10. 신규직원 Welcome Box..."
https://kr.indeed.com/viewjob?jk=30e84d612dd706a2,F&B - Feast Service Attendant,,,"flawless table settings, and your friendly demeanor do not go unnoticed. No matter the day, you set out to provide each guest..."
https://kr.indeed.com/viewjob?jk=e5dbb9b9cd72bfe1,Elementary and Middle School Teacher | I...,,,apostilled... nationwide criminal background check READY TO GO Korean Citizens: MUST have near-native English skills...
https://kr.indeed.com/viewjob?jk=eb1b45f45f16641d,Sales Consultant,,,impeccable business acumen. Go-Getter . Willing to go the extra mile... strong... acumen. Go-Getter . Willing to go...
https://kr.indeed.com/viewjob?jk=ed66ee4f0a3de65f,March 2021 | Kindy Homeroom Teacher | So...,,,apostille READY TO GO Teaching Licenses... criminal background check READY TO GO Teaching Licenses preferred 3. Visa...
https://kr.indeed.com/viewjob?jk=2cde101f75a4f495,Infra / Blockchain Node Engineer 인프라/블록체...,,,"경험 Linux 시스템 구축 및 운영 경험 인프라 관리 업무 자동화 가능: Ansible, Python, Go Preferred 블록체인에 관심 있음 클라우드 기반 시스템 구축 & 운영 자동화 경험(Ansible, Chef..."
https://kr.indeed.com/viewjob?jk=6aa8dcff22a7df3a,"Principal, HRM (인사담당자)",,,"등에 오피스를 두고 있는 글로벌 기업입니다. 직무 : Principal - HRM (정규직) 팀 소개: GO People팀은 Global Operation 조직(쿠팡맨, 물류 Tech)의 인사업무를 수행합니다. 특히..."
https://kr.indeed.com/viewjob?jk=87760ad7e56cee10,"Associate, Client Service (Seoul)",,,"언어능력과 대인커뮤니케이션 스킬, 탁월한 분석력, 그리고 업무성과 달성과 요구사항에 준수에 대한 책임감 및 “ Go the extra miles” 와 같은 우수한 역량과 적극적이고 진취적인 태도가 요구됩니다. 가능하면 다양한..."
https://kr.indeed.com/viewjob?jk=163754754b74874d,ISV Success Manager,,,"drive joint GTM ( Go-To-Market) and Sell... partner and customer success... Go To"" resource for ensuring key high..."
https://kr.indeed.com/viewjob?jk=38127df912cfa241,Marketing Manager,,,e-marketing • Tactical marketing mixes to maximize the go to market... region • Meeting strategy – trade shows...
https://kr.indeed.com/viewjob?jk=3e80435be74cd28f,블록체인인터넷경제연구센터 위촉연구원,,,O명 블록체인 연구 및 프로그래밍 제작 1) SW프로그래밍 제작 경험자 2) Python/C/Java/ Go 프로그래밍 가능자 3) 블록체인 개발 경험자 우대 4) 컴퓨터공학 및 컴퓨터사이언스 전공인 학사 이상의...
https://kr.indeed.com/viewjob?jk=ca1244b4784cd2a6,"Senior Manager, IP Business Development",,,"bodies... ETSI, MPEG or 3GPP is desirable Proactive and go getter attitude with ability to work with minimal direction..."
https://kr.indeed.com/viewjob?jk=1fe42f7bb2cb277c,Product Manager for Medical Display,,,owner in responsibility of product roadmap planning and go-to-market strategy •Manage New Product Development Process...
https://kr.indeed.com/viewjob?jk=88423b6aed2f5de8,F&B Service Attendant,,,"flawless table settings, and your friendly demeanor do not go unnoticed. No matter the day, you set out to provide each guest..."
https://kr.indeed.com/viewjob?jk=9f07afb3f576d784,[XTRM] DevOps Engineer,,,"PUBG IP 신규프로젝트 Go, gRPC, React... Kubernetes 등 Container 관련 기술을 학습하신 분 - Go 언어 활용 경험이 있으신 분 - 다양한 작업들에 대한 분류와 우선 순위..."
https://kr.indeed.com/viewjob?jk=ad4d0b5b21f9dddb,IT Analyst Consumer Platform - B2C Seoul...,,,"10, Gukjegeumyung-ro, Yeongdeungpo-gu, Seoul, Korea HOW TO APPLY • Go PMI career site... pmi.com/careers"" and set ‘South..."
https://kr.indeed.com/viewjob?jk=413706e62fb3d402,Enterprise Account Executive,,,intelligence preferred. Relevant Degree preferred. Go-Getter . Willing to go the extra mile... strong work ethic; self...
https://kr.indeed.com/viewjob?jk=7b2ad46e474d45bb,Solution Specialist V,,,sales leadership team in shaping and executing the go-to-market strategy... sales programs; · Build... apply...
https://kr.indeed.com/viewjob?jk=7363f826593542e4,Brand Manager (4~7 years),,,Project management from innovation to go-to-market package - S&OP management... from innovation to go-to-market package...
https://kr.indeed.com/viewjob?jk=9a4a3edabbc1e6cc,Senior Business Transformation Consultan...,,,developing algorithms and executing analytics . Passion to “ go deep” on IBM’s strategic initiative areas... AI and Cloud...
https://kr.indeed.com/viewjob?jk=e505e963f7d05cb6,Associate Project Manager - Tech Service...,,,addresses issues as appropriate Customer support after go-live Report to Tech Service Manager Required Qualifications...
https://kr.indeed.com/viewjob?jk=6709cff33d12145f,Digital Solution Sales Engineer (경력직),,,Solution leader to go through DS pipeline... intelligence analytics to help front sale go... market. Ability to comprehend...
https://kr.indeed.com/viewjob?jk=11f2bb56219bcf0b,"Digital Advertising Executive Seoul, Sou...",,,"10, Gukjegeumyung-ro, Yeongdeungpo-gu, Seoul, Korea HOW TO APPLY • Go PMI career site... pmi.com/careers"" and set ‘South..."
https://kr.indeed.com/viewjob?jk=7d4a4bb28b841dde,Brand Manager (4-8y),,,d. Project management from innovation to go-to-market package e. S&OP management... from innovation to go-to-market package...
https://kr.indeed.com/viewjob?jk=3c7e514319b9f98d,Kindergarten Teaching Position | 28 MILL...,,,apostilled... nationwide criminal background check READY TO GO 3. Visa Sponsorship We are currently sponsoring E-2...
https://kr.indeed.com/viewjob?jk=6f0ebea579a309af,"Director of Strategy - Site Solutions, A...",,,develop them as ambassadors for site-facing products Inform go-to-market strategy and site-facing branding in APAC Guide...
https://kr.indeed.com/viewjob?jk=fe4f425b5862269f,Enterprise Account Executive - Tableau,,,intelligence preferred. Relevant Degree preferred. Go-Getter . Willing to go the extra mile... strong work ethic; self...
https://kr.indeed.com/viewjob?jk=534f9ad79408212e,Life Science Sales Team Leader,,,B. Duties... position  Building go-to-market strategies in LS Solutions... build product go-to-market game plans...
https://kr.indeed.com/viewjob?jk=f24e9df35ada830d,Heavy Wheel Mechanic,,,"Alaska Native Corporation (ANC), 100% of our company’s profits go back to our 14,300 Iñupiat shareholders that have resided..."
https://kr.indeed.com/viewjob?jk=da25c9de34384dfb,"Business Development Manager, South Kore...",,,Chainalysis' brand awareness You've created and executed go-to-market plans that have resulted in predictable and increasing...
https://kr.indeed.com/viewjob?jk=44d940ff5485754b,| Kindy-Elementary Teacher | Near Pyeong...,,,apostilled... nationwide criminal background check READY TO GO 3. Visa Sponsorship We sponsor E-2 visas. 4. Working...
https://kr.indeed.com/viewjob?jk=b00009495def08db,System Engineer,,,"TPS 서비스를 직접 운영한 분 # 우대 사항 - C/C++, Java, Shell, Python, Perl, Go 등과 같은 프로그래밍 언어를 이용한 1년 이상의 실무 경험이 있는 분 - 오픈소스 기반 또는 상용 가상화..."
https://kr.indeed.com/viewjob?jk=47925874c681eb4b,민트팟 VR앱/웹 서비스기획 경력,,,"가능! 간식 제공: 일하다 출출할 땐 눈치 보지 말고 민트팟 간식 창고로 Go Go! 조기 퇴근: ""일이 생겨 빨리 들어가 봐야할 거 같아요!"" 그렇다면 조기 퇴근 신청으로 Go! 모집분야: VR앱/웹 서비스 기획자(경력 3..."
https://kr.indeed.com/viewjob?jk=d8b903e3573250b1,Alibaba Cloud Intelligence Solutions Arc...,,,"enterprise customers. - Experience with Java/PHP/Python/Scala/ Go/C++ development, familiar with JDBC, XML, Web Service..."
https://kr.indeed.com/viewjob?jk=2456da01f59e88b0,Database Engineer,,,"관련 분야 학사 학위 소지자 [우대사항] 프로그래밍 및 스크립트 스킬 (bash, Python, Java, Go 선호) 다양한 종류의 데이터베이스 경험 (MySQL, PostgreSQL, Redshift, Oracle 등..."
https://kr.indeed.com/viewjob?jk=3c561629a78cc1ba,Sales Account Manager,,,"software... services, - Having strong sales DNAs to go out and hunt new customers and win over the competitors..."
https://kr.indeed.com/viewjob?jk=0c42e404f5e5120c,Marketing Cloud Solution Engineer,,,"ideas: a new technology model in cloud computing, a pay-as-you- go business model... new integrated corporate philanthropy..."
https://kr.indeed.com/viewjob?jk=bd4e9fd057f1a603,[경력] 파우더룸 서비스 개발,,,"이해 및 사용 경험이 있는 분 - JPA, QueryDSL 혹은 ORM 사용 경험이 있는 분 - Python, Go 사용 경험이 있는 분 근무조건 * 고용형태 - 정규직(수습기간3개월) * 급여 - 회사내규에 따름 * 근무지..."
https://kr.indeed.com/viewjob?jk=9155af1832962cef,Public Sector Account Executive - AWS Ko...,,,"computing and virtualization, storage systems with ability to go deep enough on technical aspects to differentiate between..."
https://kr.indeed.com/viewjob?jk=29f4333112ddb5b4,Advanced English Level Students | Daejeo...,,,apostille READY TO GO F-series Visa... criminal background check READY TO GO 3. Visa Sponsorships We sponsor E-2 visas...
https://kr.indeed.com/viewjob?jk=a0813af4091512fd,F&B Attendant (Waiter/ Waitress),,,"work areas throughout the day, practicing clean-as-you- go procedures. Follow all company and safety and security policies..."
https://kr.indeed.com/viewjob?jk=839c01ac48e29a4f,Strategic Account Executive,,,"get it, you go all the way. Excellent... idea of sharing the Tableau story. Go-Getter . Adaptable and able to thrive..."
https://kr.indeed.com/viewjob?jk=b55b1da3620df32e,Kindergarten Teaching Position | Short T...,,,apostilled... nationwide criminal background check READY TO GO Korean Citizens: MUST have near-native English skills...
https://kr.indeed.com/viewjob?jk=ae7092c1ccb67890,ESL K-GR 6 TEACHER,,,"Candidates MUST... South Korea with all documents ready to go-apostilled diploma, CBC, health check... starting..."
https://kr.indeed.com/viewjob?jk=a77387a30bb98079,Global VP Sales/Chief Revenue Officer,,,discover and formulate strategies and operational tactics to go after new opportunities Possess a solid understanding of ad...
https://kr.indeed.com/viewjob?jk=857aced59dd116dd,Security Developer (보안 개발자),,,"보안 로그 상관분석 개발 또는 그에 준하는 분석/탐지 기술 개발 경험이 있는 분 - Python, JAVA, Go 등의 프로그래밍 언어에 능숙한 분 # 우대 사항 - 대용량 데이터 기반의 보안시스템(SIEM,ESM,통합보안모..."
https://kr.indeed.com/viewjob?jk=c917e9fb9f34a472,Kindy and Elementary Position | Daegu |...,,,copy of your university diploma with apostille READY TO GO Preferences: Teachers with teaching experience preferred 3...
https://kr.indeed.com/viewjob?jk=9f7d7cbe5e172a01,[Engineering] Front-end Developer (상시),,,"Ruby, Node and Go Infrastructure: AWS... Overflow, Adobe, Zeplin Data Science: Go, Python Collaboration tools: Github, Slack..."
https://kr.indeed.com/viewjob?jk=3112ae12f6c872cc,Senior HRM Specialist (인사담당자),,,"스를 두고 있는 글로벌 기업입니다. 직무 : Senior HRM Specialist (정규직) 팀 소개: GO People팀은 Global Operation 조직(쿠팡맨, 물류 Tech)의 인사업무를 수행합니다. 특히..."
https://kr.indeed.com/viewjob?jk=1c190b1d48733c5d,"IT Analyst Operations Platform Yangsan,...",,,"12-gil, Yangsan-si, Gyeongsangnam-do HOW TO APPLY • Go PMI career site... pmi.com/careers"" and set ‘South Korea..."
https://kr.indeed.com/viewjob?jk=ce027361479071eb,SAP Cloud Platform COE Expert,,,"sans-serif""><span style=""font-family:""Arial"",sans-serif... go-to-person for field colleagues looking for all support..."
https://kr.indeed.com/viewjob?jk=967dad9f26e30c07,Associate Portfolio Manager at Global In...,,,151024BR and upload his/her resume... below site. Go to https... ubs.com/global/en/about_ubs/careers/professionals...
https://kr.indeed.com/viewjob?jk=97658d1aee1d6b57,[리니지M] 서버 프로그래머 모집,,,"환경 개발(Visual studio, MS-SQL)에 능숙해야 함 우대사항 - 덤프 분석에 대한 이해 능력 - Go, Kotlin(JVM 언어 포함) 언어에 대한 이해 - 함수형 프로그래밍에 대한 이해 제출서류 포트폴리오..."
https://kr.indeed.com/viewjob?jk=fb1049542c49d44e,백엔드 시니어 개발자 (경력10년이상),,,개발 경험 - Kubernates 설계 개발 및 운영 경험 - AWS 인프라 설계 또는 개발 경험 - PHP / Go 개발 경험 - CI / CD 설계 개발 경험 - MySQL/MariaDB DB 설계 개발 경험 - 다국어...
https://kr.indeed.com/viewjob?jk=8e72803e8ffa7f7c,데브옵스개발팀 - 데브옵스 개발자,,,"개발 - DB 모델링/개발 - DevOps에 대한 지식 - 하나 이상의 프로그래밍 언어 (예 : Java, Go, Python, NodeJS 등)에 대한 깊이있는 지식 - 하나 이상의 웹 프론트엔드 프레임워크 (예..."
https://kr.indeed.com/viewjob?jk=b4f1fe67a4fcbf20,Strategic Account Executive - Tableau,,,"get it, you go all the way. Excellent... idea of sharing the Tableau story. Go-Getter . Adaptable and able to thrive..."
https://kr.indeed.com/viewjob?jk=046b5ac0ad365478,Solutions Architect III - AWS Korea,,,"flexible pay-as-you- go model frees our... highly ambiguous customer requirements, go beyond the immediately stated needs..."
https://kr.indeed.com/viewjob?jk=80d3108dade97b0f,[Engineering] Back-end Developer (상시),,,"께하고 싶습니다] 백엔드 개발 경력 3년 이상 Ruby, Python, Go, Node.js 중 하나 이상의 언어에 능숙하신 분 새로운 기술에 대한... Ruby, Node and Go Infrastructure: AWS..."
https://kr.indeed.com/viewjob?jk=4e435561d4fc9b7d,데브옵스개발팀 - 웹 개발자,,,"원자격 - 개발 경력 포함 데브옵스 관련 경력 3년 이상 - 하나 이상의 프로그래밍 언어 (예 : Java, Go, Python, NodeJS 등)에 대한 실무 경력 - 하나 이상의 웹 프론트엔드 프레임워크 (예: Vue..."
https://kr.indeed.com/viewjob?jk=a37e218f2245d11b,"Principal, Program management (Group Ope...",,,Job Overview: GO Program team provides... task simultaneously across GO operation and deliver results with commitment...
https://kr.indeed.com/viewjob?jk=0251e2321b09ce93,웹 개발자(경력),,,"JPA(or Hibernate ORM) 경험 Linux 시스템 운영 또는 클라우드 시스템 DevOps 경험 우대 Go/Perl/R/Clojure/.net/PHP 기술 보유 우대 입사지원 제출 서류: 경력 중심의 이력서, 자기..."
https://kr.indeed.com/viewjob?jk=400f6001516fa62c,Enterprise Account Executive - S.Korea,,,entire sale cycle from creating the sale opportunity stage till go-live. Working... existing pipeline to ensure business...
https://kr.indeed.com/viewjob?jk=a13ec6ca07928316,Korean Marketing Lead,,,"an English-speaking environment · Receive opportunities to go for business trips to countries like Singapore, Malaysia..."
https://kr.indeed.com/viewjob?jk=4686bd618d9d5ff0,AR and Credit Specialist,,,AR and Credit including individual collaterals... go beyond allowed credit limit in order to contribute to business...
https://kr.indeed.com/viewjob?jk=5399e96313fa835f,"WWPS Strategic Pursuits Lead, AWS Korea",,,"Specialty Sales Team, helping to define and deliver the overall go-to-market strategy, you... responsible for driving..."
https://kr.indeed.com/viewjob?jk=5ab22dbbcebd0523,"Technical Solution Architect, SD-WAN",,,"aligned accounts. The Job requires partner engagements, go-to-market initiatives, collateral development and building/running..."
https://kr.indeed.com/viewjob?jk=5461fd40904af044,Senior Customer Success Manager,,,Information What... me? Learning - Our sales managers go through an extensive training period... considered...
https://kr.indeed.com/viewjob?jk=46270a467ac15a3f,M2A3 Track Mechanic,,,"Alaska Native Corporation (ANC), 100% of our company’s profits go back to our 14,300 Iñupiat shareholders that have resided..."
https://kr.indeed.com/viewjob?jk=1622a08497f8c091,Data Scientist,,,Basic Machine Learning Concept -Node.js / Express.js / Go -TensorFlow -Google Cloud Platform / Compute Engine / K8s [전형절차...
https://kr.indeed.com/viewjob?jk=7a45f4d25b821fd6,Marketing Manager,,,"strategies including product portfolio, positioning, pricing, go-to-market strategies and incentive plans for product..."
https://kr.indeed.com/viewjob?jk=d8b63874e5cc1128,December 2020 | Kindy-Elementary School...,,,nationwide criminal background check READY TO GO 3. Visa Sponsorships We sponsor E-2 visas. 4. Working Conditions...
https://kr.indeed.com/viewjob?jk=c1cfbf706e600859,Research Fellow (KIEP),,,"KIEP (recruit@kiep. go.kr... more information on KIEP, visit our website... kiep. go.kr. Application Instructions..."
https://kr.indeed.com/viewjob?jk=3e7d6122443c8ca6,JLS | Elementary Teacher | Gunpo,,,apostilled... nationwide criminal background check READY TO GO 3. Visa Sponsorship We provide E-2 visa sponsorship...
https://kr.indeed.com/viewjob?jk=9223549f152dd59d,스마트폰 악세사리 전문점 릴라고에서 함께 일하실분을 모집합니다,,,"101206974 일반전화 비공개 부서명 채용담당자 채용담당자 휴대전화 비공개 상세요강 업무내용 : 릴라 Go 에서 직원을 모집합니다. 주요업무는 매장 관리 및 손님 응대 등 간단한 일입니다. ( 상품 계산, 상품 위치..."
https://kr.indeed.com/viewjob?jk=1f6dfe317b545a07,"[5대암내과, 광명시] 방사선사 선생님 정규직",,"월급 910,000원","더 큰 미래(대형검진센터 및 요양병원목표)를 꿈꿔 보실 간호/방사선사 선생님을 Partner로 모십니다. "" Go Together !!!"" 우대요건 : 로컬 내과 경험자, 위/대장 내시경 보조 경험자 및 대형 검진센터 경력..."
https://kr.indeed.com/viewjob?jk=fcdc7039038129e8,Account Strategist - Mid-Market - Seoul,,,internally to all parties involved and being the client’s “ Go-To” person for any questions. You will monitor and optimize...
https://kr.indeed.com/viewjob?jk=b4e8b2b39e514f22,ISV ODP Channel Sales Representative,,,cloud consumption through ISVs is a key success factor of Oracle’s go to market strategy... what the ISV business...
https://kr.indeed.com/viewjob?jk=be305035c79cedd4,Senior Business Development Manager (HR...,,,"You... responsible for developing and executing the EOR sales go to market plan that drives revenue growth, new customer..."
https://kr.indeed.com/viewjob?jk=3d678bf37ef6b4a4,게임 서버 프로그래밍,,,"지원자격 - 한 가지 이상의 개발 언어(Python, C++, C#, Go 등)에 숙련된 프로그래밍 능력 - RESTful API 및 TCP/UDP... 하신 분: AWS (ECS), Go, Redis, Elasticsearch..."
https://kr.indeed.com/viewjob?jk=8d3779495965701b,[경력직] 미들웨어/PasS 엔지니어 채용,,,"Kubernetes, Ansible) - 컨테이너 적용 및 개발자 - 오픈스택, ceph 경험자 - python, go 개발경험과 Ansible 경험자 근무조건 격주 4일 근무제(금요일 격주휴무) 월요일 10시-18시 / 화..."
https://kr.indeed.com/viewjob?jk=ceb7c0fe5cd76430,Digital Sales Manager,,,clients to achieve... objectives. You... go-to person on all client work and task to develop and share valuable...
https://kr.indeed.com/viewjob?jk=1e8ec78da0621e6a,Account Manager,,,"point 1. Sales Revenue = Target NSB : $5M , GP$ 250K / How to go beyond target = TI 3D or Line card attach for PEMCO 2. #..."
https://kr.indeed.com/viewjob?jk=9672af723c6681a9,Account Manager(Gwangju/Jeonla),,,you to do whatever it takes to deliver outstanding results. Go the extra mile and we’ll reward you with unrivalled training...
https://kr.indeed.com/viewjob?jk=7ab72b2f19e2425d,Back-end Engineer 경력 채용,,,"클라이언트와 통신을 위한 API 설계 및 구현 [자격요건] - C++, JAVA, Node.js, Python, Go 중 하나 이상의 언어 능통자 - 프로덕션 환경에서 지속적인 서비스 개선 및 운영 경험 - 웹 기술 및..."
https://kr.indeed.com/viewjob?jk=754348a9c3f08d66,[Engineering] Full Stack Developer (상시),,,"3년 이상 Ruby, Python, Go, Node JS 중 하나 이상의... programming languages - Ruby, Python, Go, Node JS Proficient in one or more web..."
https://kr.indeed.com/viewjob?jk=f7469b738a0f79e0,Designer - MediaMonks Korea,,,briefs. • You will work on a dedicated client account. • You go above and beyond the brief to push what’s possible when...
https://kr.indeed.com/viewjob?jk=5f53ddfaa86de672,HRM (인사담당자)-데이터 관리 [계약직],,,"고서 작성 및 공유, 노동제법규 준수를 위한 진단 및 개선 등을 해야 합니다. 내부고객으로는 Logistics( GO), CPF 이며, 유관부서가 있고, 외부로는 노동관공서 등이 있으며 내외부 고객니즈 충족과 고객만족을 위해..."
https://kr.indeed.com/viewjob?jk=1846e8d95d35aef5,[해외취업] GuineaDad - #1 Small Pet Supplies...,,,who: · Always raises hand to solve the issue at hand · Can't go to sleep knowing the work isn't complete... capable...
https://kr.indeed.com/viewjob?jk=1c50fc0159ebd72f,외국계 외국계 컴퓨터회사 커머셜제품 (법인) 마케팅,,,"Korea marketing strategy for commercial product regarding go-to-market strategy, marketing positioning, target audience..."
https://kr.indeed.com/viewjob?jk=2120101c64dade37,GTM(Go to market) Coordinator 담당자,,,"자격요건 담당직무 - 신제품 런칭을 위한 GTM( Go to market) 코디네이션 - GTM( Go to market) 프로세스 세팅 - 제품, 세일즈, 마케팅 전략 수립 [자격요건] - GTM( Go to market..."
https://kr.indeed.com/viewjob?jk=3b67b9c1e79a7caa,Sr. Brand Manager-Innovation,,,Research manager) B.Area and local business alignment 4.Develop ‘ Go to market’ strategy by working... brand activation...
https://kr.indeed.com/viewjob?jk=66bfeff3eb845887,Senior Cloud Reliability Engineer - HANA...,,,"Git/Gerrit, and some development languages... Python, Go, Java, Javascript, etc. Willingness to learn and flexibility..."
https://kr.indeed.com/viewjob?jk=b4aeb24908220be6,Assistant Product Marketing Manager,,,Korea To handle new product development and launch ( go-to-market) effectively -Manage Categories by territories of Korea...
https://kr.indeed.com/viewjob?jk=f5db97b4d95cbc04,VP of Engineering,,,"Ruby, Node and Go Infrastructure: AWS... Overflow, Adobe, Zeplin Data Science: Go, Python Collaboration tools: Github, Slack..."
https://kr.indeed.com/viewjob?jk=a5a680f34a10a632,Recreation Aid,,,"recreational services including grab-n- go, bowling and movies, fitness and sports... information, please go... Office..."
https://kr.indeed.com/viewjob?jk=381445eee64f6329,Public Sector Partner Development Manage...,,,continuous enablement through training and certifications and go-to-market strategies for differentiation and expanding...
https://kr.indeed.com/viewjob?jk=f19ba1ef728fc6d8,Customer Development Specialist (Trade m...,,,vs. plan - Update the KPIs to Efficiency 4. Develop Go-to-Market package 1) Understanding brand Strategies & Guideline...
https://kr.indeed.com/viewjob?jk=604c9c313f4a54df,Business Development Manager - Ad Networ...,,,"Pangle... go-to-place for developers and publishers to monetize... app, attract users, and push the boundaries..."
https://kr.indeed.com/viewjob?jk=36089807638eb8cb,Full-Stack Engineer,,,"들과 협업하고 있습니다. * 필수 조건 - 학력 : 학사 이상 - 코딩 스킬 : Javascript, Go 능숙 - 원활한 의사 소통 능력. - 업무 수준 이상의 영어 회화 가능. - 기타 조건 * 다음..."
https://kr.indeed.com/viewjob?jk=3b0eae826f1363bf,[해외취업] 안드로이드 엔지니어 /Google Cloud Platform...,,"연봉 47,000,000원 - 73,000,000원","가진 네이티브 어플리케이션 구축 프로젝트 등을 비롯한 모바일 앱 개발팀의 일원으로서 업무를 담당 【開発言語】 Go,Java,Kotlin,PHP,TypeScript,JavaScript,Python,Node.js 【フレームワー..."
https://kr.indeed.com/viewjob?jk=a7c68eba65a950aa,지스트 블록체인경제센터 계약직연구원,,,록체인 개발 블록체인 경제 블록체인 하드포크 1) SW프로그래밍 제작 경험자 2) Python/C/Java/ Go 프로그래밍 가능자 우대사항 ① 국가보훈대상자(취업보호대상자) 및 장애인은 관련 법령에 의거하여 우대...
https://kr.indeed.com/viewjob?jk=401bd58ad447a7a7,"Principal Solutions Architect, Enterpris...",,,cloud migration. • Driving the co-development of new go-to-market approaches and opportunities... Geo business lead...
https://kr.indeed.com/viewjob?jk=0e635e50a99f4dc0,Backend Developer,,,Javascript / Go 경험 Amazon AWS (API... Node.js / Typescript / Javascript or Go Experience with Amazon AWS (API Gateway...
https://kr.indeed.com/viewjob?jk=7b03f88cce047315,Fieldwork Executive,,,"We go beyond the obvious, using intelligence, passion and creativity to inspire new thinking and shape the world we live..."
https://kr.indeed.com/viewjob?jk=7b39e231b9df5458,"Senior Sales Manager, eCommerce O2O Busi...",,,digital world. Responsibilities... role Lead B&C channel fit Go-To-Market strategy; analyze external B&C landscape/trends...
https://kr.indeed.com/viewjob?jk=b01a01cd3d7a6402,Senior Backend Developer,,,"Node.js, Typescript, Go 언어 중 하나 (하나 이상의... 의사 소통 능력 우대 조건 영어 의사 소통 능력 Node.js 또는 Go 경험 TypeScript 경험 Redis, Memcached 또는 이와..."
https://kr.indeed.com/viewjob?jk=2c14ecfabf84f2c0,Key Account Manager,,,"Planning, Retail, Finance and CS to optimize the end to end Go-To-Market process to achieve target Sell... Sell-Through..."
https://kr.indeed.com/viewjob?jk=a102461e1a9dfb84,"Field Application Scientist (PhD, Immuno...",,,customers... optimization... work... technical go... customers and internal sales organisation. Review...
https://kr.indeed.com/viewjob?jk=17a3ab2d8921b539,Enterprise 소프트웨어/하드웨어 영업,,,custom licensing and pricing models based... OEM Partner’s go to market strategy Prospecting into Machine Builder World...
https://kr.indeed.com/viewjob?jk=85ca7cf8484301b1,Senior Technical Account Manager,,,"part... valuable service. When necessary, you may go onsite to expedite the resolution of a technical issue... part..."
https://kr.indeed.com/viewjob?jk=35a7f78df869943c,Innovation Manager,,,manager) B. Area and local business alignment 4.Develop ‘ Go to market’ strategy by working... brand activation...
https://kr.indeed.com/viewjob?jk=583635c079d2effa,Enterprise Account Executive,,,executing... go-to-market strategy... Confluent partners Create and execute go to market plans... based on viral...
https://kr.indeed.com/viewjob?jk=5b0e06aa4791f041,민트팟 앱/웹 서비스 기획 경력직,,,"8. 간식 제공: 일하다 출출할 땐 눈치 보지 말고 민트팟 간식 창고로 Go Go! 9. 조기 퇴근: ""일이 생겨 빨리 들어가 봐야할 거 같아요!"" 그렇다면 조기 퇴근 신청으로 Go! 10. 신규직원 Welcome Box..."
https://kr.indeed.com/viewjob?jk=77d8e0149dad533b,블록체인인터넷경제 연구센터 위촉연구원,,,록체인 개발 블록체인 경제 블록체인 하드포크 1) SW프로그래밍 제작 경험자 2) Python/C/Java/ Go 프로그래밍 가능자 우대사항 ① 국가보훈대상자(취업보호대상자) 및 장애인은 관련 법령에 의거하여 우대...
https://kr.indeed.com/viewjob?jk=99517316a2c3bf14,Commerce Cloud Solution Engineer,,,"our cloud-based e-commerce software, companies can go to market faster and smarter — delivering personalized customer..."
https://kr.indeed.com/viewjob?jk=ade9f92b6fb89cfe,Storage Product Marketing Manager,,,"leadership... marketing programs team around the key elements of go-to-market strategies and marketing campaigns, ideal..."
https://kr.indeed.com/viewjob?jk=16f1d5e738d49c73,SAP SD or MM Sr. level,,,"scheduling and execution, key user training, go live support, and post go live support) - Performance of feasibility studies..."
https://kr.indeed.com/viewjob?jk=23051a1d08a6ca20,Principal Business Analyst (Global Opera...,,,리콘밸리 등에 오피스를 두고 있는 글로벌 기업입니다. Team Description (3-5 sentences): GO Program team provides Global operation business insights...
https://kr.indeed.com/viewjob?jk=7a08f5e589b10a00,"Senior, Software Engineer (Search Qualit...",,,would like to explore new territory of technology and go deep on domain knowledge Ability to think outside-the-box...
https://kr.indeed.com/viewjob?jk=1b2870e89a259055,소프트웨어 개발(엔진 파트)-청년디지털일자리 온라인박람회,,"연봉 29,000,000원","1008호(우림이비즈센터2차) 1008호 인근지하철 직무내용 빅테이터 수집 분석 시스템 UI 개발 java, go, c활용, 대용량 데이터 처리, Elastic search 활용 * 수습기간 3개월 * 경력자 면접시 연봉협..."
https://kr.indeed.com/viewjob?jk=315c65b8337d3e7a,[Engineering] React Native Developer (상시...,,,"Ruby, Node and Go Infrastructure: AWS... Overflow, Adobe, Zeplin Data Science: Go, Python Collaboration tools: Github, Slack..."
https://kr.indeed.com/viewjob?jk=b2bef180d2e82d4f,Mid-Market Sales Engineer - APAC,,,"experience in one... following: Java, Python, Ruby, Go, Node.JS, PHP, or .NET Customer support or customer facing..."
https://kr.indeed.com/viewjob?jk=794e209e405f4fc0,지스트 블록체인경제센터(강남소재) 계약직연구원,,,록체인 개발 블록체인 경제 블록체인 하드포크 1) SW프로그래밍 제작 경험자 2) Python/C/Java/ Go 프로그래밍 가능자 우대사항 ① 국가보훈대상자(취업보호대상자) 및 장애인은 관련 법령에 의거하여 우대...
https://kr.indeed.com/viewjob?jk=d8792373b5a271bc,SAP Sr APO Consultant(1년 계약직),,,including stabilization and post go-live support.(Mandatory) - High level... stabilization and post go-live support...
https://kr.indeed.com/viewjob?jk=e9cd1ca3d65e30d4,HANA Cloud Services Senior Developer,,,"operations Experience in one or more... following: Python, Go, Java, C++, Groovy, Perl, and so on Very good communication..."
https://kr.indeed.com/viewjob?jk=3e1c773e3cdfe040,Associate Technical Project Manager,,,addresses issues as appropriate • Customer support after go-live • Report to Tech Service Manager Required Qualifications...
https://kr.indeed.com/viewjob?jk=7c10630c97aa452e,Kindy PE Teacher,,,apostilled... nationwide criminal background check READY TO GO 3. Visa Sponsorship E-2 visa sponsorship is provided...
https://kr.indeed.com/viewjob?jk=f15aa0f8fe6df892,SAP Sr. SD consultant(1년 계약직),,,including stabilization and post go-live support.(Mandatory) - Excellent... stabilization and post go-live support...
https://kr.indeed.com/viewjob?jk=674370fd38bce0dd,지스트 블록체인경제센터(강남소재) 계약직(연구원),,,드포크 1) 4년대 대학 이상 졸업자 2) SW프로그래밍 제작 경험자 3) Python/C/Java/ Go 프로그래밍 가능자 우대사항 ① 국가보훈대상자(취업보호대상자) 및 장애인은 관련 법령에 의거하여 우대 ② 블록...
https://kr.indeed.com/viewjob?jk=7b6fe5f57be08c95,"Solution Architect for Cloud and Media,...",,,"objectives. - Open, winning and go-getter attitude, organized and structured, an... Open, winning and go-getter attitude..."
https://kr.indeed.com/viewjob?jk=b10f305f5be3e866,Heavy Wheel Mechanic Lead - Camp Carroll,,,"Alaska Native Corporation (ANC), 100% of our company’s profits go back to our 14,300 Iñupiat shareholders that have resided..."
https://kr.indeed.com/viewjob?jk=2b87d631b7375db3,웹 개발자 및 클라우드 서비스 개발자,,,"클라우드 서비스 API와 연계된 서비스를 개발 - 배포, 빌드, 테스트 자동화와 관련된 DevOps 개발 - Go, Python, JS(Angular/React) 등을 이용한 웹 애플리케이션 개발 [전형절차] 서류, 면접 1..."
https://kr.indeed.com/viewjob?jk=d7da99b624b354c7,SAP Sr.SRM consultant(1년 계약직),,,including stabilization and post go-live support. - High level of knowledge... stabilization and post go-live support...
https://kr.indeed.com/viewjob?jk=c50e79c25d9d1e32,SAP CRM consultant(1년 계약직),,,including stabilization and post go-live support.(Mandatory) - High level... stabilization and post go-live support...
https://kr.indeed.com/viewjob?jk=52ad68dcf6d5e675,"Global Access, Value & Economics , Korea...",,,"payer relations, health economics & outcomes research, and go-to-market launch support. ? Partner with GM, Clinical Marketing..."
https://kr.indeed.com/viewjob?jk=19501042c9d53ca0,Track Mechanic Lead - Camp Carroll (Daeg...,,,"Alaska Native Corporation (ANC), 100% of our company’s profits go back to our 14,300 Iñupiat shareholders that have resided..."
https://kr.indeed.com/viewjob?jk=7f47fc1d202dd11c,[공통기술부문] SRE 엔지니어(DevOps),,,"분 - 서비스모니터링, 로그 및 알람 관련 환경과 도구를 활용해보신 분 - Python, Node.js, GO 등 프로그래밍 경험이 있으신 분 - SRE 또는 DevOps 문화에 관심이 있으신 분 [우대사항] - 인프라..."
https://kr.indeed.com/viewjob?jk=ceea9006a76afc25,Public Sector Business Development Execu...,,,"computing and virtualization, storage systems with ability to go deep enough on technical aspects to differentiate between..."
https://kr.indeed.com/viewjob?jk=03f9af4f3938decd,Strategist - MediaMonks Korea,,,"know where to go but also wh y, and how... alike and know how to inspire teams to go the extra mile. BenefitsBecome Our..."
https://kr.indeed.com/viewjob?jk=10a3e2cdf4a2e877,Drunk Elephant PR Manager,,,results in a fast-paced environment Confident and go-getter under pressure Comfortable in public speech & presentation...
https://kr.indeed.com/viewjob?jk=0e728a9125e40236,"Regional Sales Manager, Collaboration (P...",,,business in his/her territory. Develop and implement go-to-market plans to accelerate the growth of Cisco Collaboration...
https://kr.indeed.com/viewjob?jk=9bc37251d0a3154e,"Specialized Solutions Architect III, Ana...",,,"flexible pay-as-you- go model frees our... highly ambiguous customer requirements, go beyond the immediately stated needs..."
https://kr.indeed.com/viewjob?jk=e55bbd029fd616d6,IT Product Marketing,,,"Marketing (지원마감) 회사소개 Cloud Service 기업 업무내용/자격요건 담당직무... 시장조사, Go-To-Market 전략기획 - 연/분기별 사업계획, 마케팅 전략 수립 및 시행 - 마케팅 예산 편성..."
https://kr.indeed.com/viewjob?jk=4f76e06ec22d352a,API설계/개발,,,"이상 경험 - RDBMS SQL 중급 이상 - PHP, Python, GO, Java 언어 중 1개 이상 중급 [우대사항] - RESTful... 이상 - PHP, Python, GO, Java 언어 중 1개 이상 중급..."
https://kr.indeed.com/viewjob?jk=4568bff6e818995e,암호화폐 분석 전문가,,,"요건] - 프로그램 개발 경력 3년 이상 (Linux 기반의 C, C++, Go 등) - 영문 기술문서를 이해하는데 어려움이 없고, Linux 기반... Linux 기반의 C, C++, Go 등) - 영문 기술문서를 이해하는데..."
https://kr.indeed.com/viewjob?jk=769a89e66dae6950,Principal Business Analyst (Marketplace),,,"limited resources. Many organizations go back to data to find answers, but business... you are our SQL go-to person Ability..."
https://kr.indeed.com/viewjob?jk=24f0f887f8e7bde4,Creative Director - MediaMonks Korea,,,can book sufficient time to make your projects shine. • You go above and beyond the original brief to push what’s possible...
https://kr.indeed.com/viewjob?jk=fd5f970a3016c93c,Financial Controller,,,period... influences decision to adjust... period-to- go spend. ? Attendance at weekly construction team meetings...
https://kr.indeed.com/viewjob?jk=ea73fbac7d5fc3bd,Gyopo Teachers,,,"000 KRW per hour ranging from 25,000~30,000 KRW if you choose to go by hourly. - Severance pay after a successful completion..."
https://kr.indeed.com/viewjob?jk=d334fafc14f81271,S&CM Specialist (CM),,,"CM) (지원마감) 회사소개 외국계 FMCG(소비재) 기업 업무내용/자격요건 담당직무 JD파일 참조 Go-to-market management, Category Management, Category Promotion..."
https://kr.indeed.com/viewjob?jk=2c591578f96b5817,Senior Marketing Specialist,,,"strategies including product portfolio, positioning, pricing and go-to-market strategies ? Conduct new product launch..."
https://kr.indeed.com/viewjob?jk=913dea5d207616b9,게임플랫폼 Client 개발,,,"리케이션의 개발 [자격요건] - Java / scala (이외 C++, Go, Python 등)를 이용한 서버 개발 경력 3년 이상 - 오픈소스... Java / scala (이외 C++, Go, Python 등)를 이용한..."
https://kr.indeed.com/viewjob?jk=94886c04031c7a4b,Field Marketing Manager,,,"솔루션 및 컨설팅 비즈니스에 대한, Go-To-Market Planning... 제품 마케팅 및 GTM 경험자 -Industry Knowledge -“ Go-To-Market” planning and execution which..."
https://kr.indeed.com/viewjob?jk=47f8f426dd1b20bf,[ASAP] Marketing Jr. Specialist,,,give feedback to central e-commerce team before all the contents go live 3) Translation of all communication materials: All...
https://kr.indeed.com/viewjob?jk=de02498698b3c239,Back-end Developer 백엔드 개발자 (JAVA),,,"Docker 컨테이너 활용 경험 사용자 인증 메커니즘에 대한 이해 및 암호화 관련 개발 경험 Python, Go, Scala, C, Java 언어 실무 경험이나 다양한 언어 사용에 부담 없는 분 Micro service..."
https://kr.indeed.com/viewjob?jk=7fae74ec5b74f9e7,"Partner Account Manager, Korea - Games",,,KPIs throughout the calendar year Develop and execute go-to-market strategies with partners Guide partner participation...
https://kr.indeed.com/viewjob?jk=18848cd6c6f44fbe,S/W Engineering Efficiency,,,"이와 동등한 수준의 실무 경험 - Java, C/C++, Python, Go, Haskell과 같은 프로그래밍 언어를 이용한 1년 이상의 실무 경험... 있는 분 - Java, Python, Go, Haskell와 같은 언어에서..."
https://kr.indeed.com/viewjob?jk=d46a9302434b916a,Business Development Manager,,,optimize Korea BD Resources - Develop GTM ( Go To Market) strategies for business... CDNs) etc... ability to go deep enough...
https://kr.indeed.com/viewjob?jk=c591fa673f8113c5,DevOps 엔지니어(과장~차장급),,,"클라우드 구축 경험 - 다음 중 하나의 언어를 이용한 업무 자동화 기능 : Python, Node.js, Go - 클라우드 기반 시스템 구축 & 운영 자동화 경험 (Ansible, Chef, AWS cloudFormation..."
https://kr.indeed.com/viewjob?jk=f64608bc0dcc9934,완구 신규사업팀장,,,개발 - 새로운 시장 진입을 포함한 잠재적 브랜드 확장 기회의 인식 및 평가 - 신규 시장 및 브랜드 발굴 / Go-to-Marketing 전략 수립 - All-rights/toy distribution 기회 탐색 및 사업...
https://kr.indeed.com/viewjob?jk=785844821918d4ac,"클라우드 서비스 개발자 중급(IaaS, PaaS)",,,"클라우드 서비스 API와 연계된 서비스를 개발 - 배포, 빌드, 테스트 자동화와 관련된 DevOps 개발 - Go, Python, JS(Angular/React) 등을 이용한 웹 애플리케이션 개발 [전형절차] 서류, 면접 2..."
https://kr.indeed.com/viewjob?jk=54a07508e05274ad,게임플랫폼 서버개발,,,"설계 및 구현 [자격요건] - Java / scala (이외 C++, Go, Python 등)을 이용한 서버 개발 경력 3년 이상 - 오픈소스... Java / scala (이외 C++, Go, Python 등)을 이용한..."
https://kr.indeed.com/viewjob?jk=68e584fc44c1d706,"Sales Executive (차,부장급)",,,sales strategy by providing technical information and go to market strategy with Dell's differentiated value positioning...
https://kr.indeed.com/viewjob?jk=bfdb6d14b38319a1,소프트웨어 개발 PM,,,"4년제 정규 대졸 이상 - 웹 개발 경력 등 10년 이상 - 클라우드 서비스와 연계된 서비스를 개발 경험자 - Go, Python, JS(Angular/React) 등을 이용한 웹 애플리케이션 개발 경험자 우대 [전형절차..."
https://kr.indeed.com/viewjob?jk=dd88e5b0ad34d8ad,Inside Sales Senior Representative,,,having successful experience in multi channel go to market models - Knowledge... multi channel go to market models...
https://kr.indeed.com/viewjob?jk=e9a8a8a28d5e4363,Executive Producer - MediaMonks Korea,,,reputation for MediaMonks Korea... industry’s go-to player for ambitious digital ideas and deliver... promise...
https://kr.indeed.com/viewjob?jk=8f903f718a7bd893,코인데몬 분석/개발자,,,"프로그램 개발 경력 3년 이상 (Linux 기반의 C, C++, Go, PHP 등) - 영문 기술문서를 이해하는데 어려움이 없고, Linux 기반에서... Linux 기반의 C, C++, Go, PHP 등) - 영문 기술문서를..."
https://kr.indeed.com/viewjob?jk=7058f4825b57f37f,"Sr. Manager, Public Policy",,,"between core business priorities, public policy goals and “ go to market” strategies; - Assess and communicate potential..."
https://kr.indeed.com/viewjob?jk=f03a3fe3f22b3af9,코인데몬 분석/개발자 (5명),,,"분 - 프로그램 개발 경력 3년 이상 (Linux 기반의 C, C++, Go, PHP 등) - 영문 기술문서를 이해하는데 어려움이 없고, Linux... Linux 기반의 C, C++, Go, PHP 등) - 영문 기술문서를..."
https://kr.indeed.com/viewjob?jk=7cb7669fa35930b6,전자/제조부문 B2B 컨설팅 전문가,,,직무 Position Summary O. 고객사 B2B 사업 역량 강화를 위한 B2B 상품기획 및 GTM ( Go-to-Market) 실행지원 컨설팅 수행 - B2B 상품기획 컨설팅 : 고객사의 솔루션 기획 및 오퍼링 개발...
https://kr.indeed.com/viewjob?jk=bdc87f7ab379210b,Senior Developer for HANA Cloud Service...,,,"Ability to work in an international team... proactive Go language, Python or shell script programming skills Preferred..."
https://kr.indeed.com/viewjob?jk=3d594f8990d3a797,Cloud System Engineer,,,"CD 구축 및 운영 경험자 우대사항 : - e커머스 서비스 운영 경험자 - 스크립팅 가능자 (Python, Go, Shellscript) - Cloudformation, Ansible, Terraform 등 운영 경험자..."
https://kr.indeed.com/viewjob?jk=cb0a416e54b80e41,Cloud System Engineer (3년이상),,,"경험 - SRE(Site reliability Engineers) 경험 - 스크립팅 역량 보유 (Python, Go, Shellscript 등) - Terraform, Ansible, SaltStack, CDK 구축 및 운영..."
https://kr.indeed.com/viewjob?jk=3da2537c07ea7706,Platform server 개발자,,,"Java / scala (이외 C++, Go, Python 등)를 이용한... 첨부 파일 사용) 자격요건 -Java / scala (이외 C++, Go, Python 등)를 이용한 서버 개발 경력 3년 이상이신 분 -오픈소스..."
https://kr.indeed.com/viewjob?jk=e22e40671883ff75,Lead Sales Rep,,,"strategies including product portfolio, positioning, pricing, go-to-market strategies and incentive plans for product..."
https://kr.indeed.com/viewjob?jk=59de9b0a8a6b03ca,마케팅,,,"채용제목 마케팅 (지원마감) 회사소개 Cloud Service 기업 업무내용/자격요건 담당직무... 시장조사, Go-To-market 전략 기획 - 파트너 매출분석/프로그램 기획 및 신규 솔루션파트너 발굴 - 연/분기별 사업계획..."
https://kr.indeed.com/viewjob?jk=81058841f63e9963,Product 마케팅(ASAP),,,"Cloud Service 기업 업무내용/자격요건 담당직무 공통 Job Description - IT 시장조사, Go-To-Market 전략기획 - Budget management 및 연/분기별 사업계획, 마케팅 전략 수립..."
https://kr.indeed.com/viewjob?jk=b9bd9927b1dba4d9,Product Marketing Manager (PM),,,자격요건] - FMCG PM or BM 경력자 (Developing go-to-market strategy) - 4년재 대졸 이상 학력자로 경력 최소... BM 경력자 (Developing go-to-market strategy...
https://kr.indeed.com/viewjob?jk=6cb9a1d1cc495154,Wholesale Merchandise Manager,,,utilizing the accurate demand planning and supply planning. Go-To-Market (GTM) Vision: - Support the design of Global...
https://kr.indeed.com/viewjob?jk=7b314f7d2a99c2ea,지스트 블록체인인터넷경제연구센터 계약직(박사급 연구원),,,"개발·하드포크 1) 박사 이상 졸업자 2) SW프로그래밍 제작 경험자 3) Python/C/Java/ Go 프로그래밍 가능자 1명 시간제 (주20시간) (월-목, am10-pm4) 우대사항 ① 국가보훈대상자..."
https://kr.indeed.com/viewjob?jk=d7fce0a8b6bccdc7,[ASAP] IT Product Marketing,,,"Marketing (지원마감) 회사소개 Cloud Service 기업 업무내용/자격요건 담당직무... 시장조사, Go-To-Market 전략기획 - 연/분기별 사업계획, 마케팅 전략 수립 및 시행 - 마케팅 예산 편성..."
https://kr.indeed.com/viewjob?jk=a3f7e859f78c3856,게임플랫폼 Server 개발,,,"설계 및 구현 [자격요건] - Java / scala (이외 C++, Go, Python 등)를 이용한 서버 개발 경력 3년 이상 - 오픈소스... Java / scala (이외 C++, Go, Python 등)를 이용한..."
https://kr.indeed.com/viewjob?jk=5aa7318a62f3ed90,마케팅 지원 3명,,,"지원 3명 (지원마감) 회사소개 Cloud Service 기업 업무내용/자격요건 담당직무... 시장조사, Go-To-market 전략 기획 - 파트너 매출분석/프로그램 기획 - 연/분기별 사업계획, 마케팅 전략 수립 및..."
